program_id,program_name,study_mode,campus,delivery_method,offerings,campus_relationships
0800CM,Introductory Studies in Mass Timber Construction,Part-time,Online,Online,1,0
0801CM,Essentials of Natural Resource and Environmental Protection (MENREP),Part-time,Online,Online,1,0
0803CM,Script Supervision and Continuity for Film and TV,Part-time,Burnaby Campus,In person,1,0
0804CM,Forensic Nurse Examiner Education for RNs,Part-time,Online,Online,1,0
0805CM,Breast Sonography,Part-time,Burnaby Campus / Online,Blended,1,0
0806CM,Musculoskeletal Sonography,Part-time,Burnaby Campus / Online,Blended,1,0
0810CM,Low-Code Mobile Application Development,Part-time,Online,Online,1,0
0811CM,Essentials of Data Networks,Part-time,Online,Online,1,0
0812CM,Cybersecurity Analysis for Network Administrators,Part-time,Online,Online,1,0
0813CM,Advanced Forensic Nurse Examiner,Part-time,Online,Online,1,0
0814CM,Essential Field Skills for Environmental Professionals,Part-time,Burnaby Campus / Online,Blended,1,0
0815CM,Supervising Net-Zero and Passive House Construction,Part-time,Online,Online,1,0
0816CM,Applied Circular Economy: Zero Waste Buildings,Part-time,Distance and Online Learning,Online,0,0
0817CM,Introduction to Forest Health Quantification with RPAS,Part-time,Burnaby Campus / Online,Blended,1,0
0819CM,Essentials of Net-Zero and Passive House Construction,Part-time,Online,Online,1,0
0820CM,Cybersecurity Essentials for IT Professionals,Part-time,Online,Online,1,0
0822CM,Food Safety Preventive Controls and HACCP Plans,Part-time,Online,Online,1,0
0823CM,Food Safety Management,Part-time,Online,Online,1,0
0824CM,Animal Cell Culture,Part-time,Burnaby Campus / Online,Blended,1,0
0825CM,Canadian Employment Readiness (CER),Part-time,Burnaby Campus / Online,Blended,1,0
0826CM,Technical Communication Essentials,Part-time,Online,Online,1,0
0828CM,Student Mobility Preparedness,Part-time,Online,Online,1,0
0829CM,Building Energy Modelling and Simulation,Part-time,Online,Online,1,0
0830CM,Whole-Building Life Cycle Assessment Professional,Part-time,Online,Online,1,0
0831CM,Industrial Networking for Cybersecurity Professionals,Part-time,Burnaby Campus,In person,1,0
0832CM,Cybersecurity Operations,Part-time,Online,Online,1,0
0833CM,Forensic Nurse Death Investigator,Part-time,Online,Online,1,0
0835CM,International Education Practitioner - Foundation,Part-time,Online,Online,1,0
0836CM,Drone Applications for Environmental Risk Assessment,Part-time,Burnaby Campus / Online,Blended,1,0
0837CM,Foundational Digital Forensics Skills,Part-time,Online,Online,1,0
0838CM,Automotive Service Management Essentials,Part-time,Online,Online,1,0
0839CM,"Fiber Optics - Principles, Installation and Repair",Part-time,Burnaby Campus,In person,1,0
0840CM,Introduction to Full-Stack Web Development,Part-time,Downtown Campus / Burnaby Campus / Online,Blended,1,0
0841CM,Web Development Foundations (WDF),Part-time,Downtown Campus / Burnaby Campus / Online,Blended,1,0
0842CM,Data Visualization with MS Power BI,Part-time,Downtown Campus / Burnaby Campus / Online,Blended,1,0
0843CM,Spanish Language and Culture Fundamentals,Part-time,Burnaby Campus / Online,Blended,1,0
0844CM,Fundamentals of Virtual Containers,Part-time,Online,Online,1,0
0845CM,Network Switching and Routing,Part-time,Online,Online,1,0
0846CM,Sterile Field and the Aseptic Environment,Part-time,Online,Online,1,0
0847CM,Wind Turbine Essentials,Part-time,Burnaby Campus / Online,Blended,1,0
0848CM,Advanced Topics in Networking,Part-time,Online,Online,1,0
0849CM,Asbestos Awareness and Safety,Part-time,Online,Online,1,0
0850CM,Fraud and Financial Crime Investigation,Part-time,Online,Online,1,0
0851CM,Aircraft Defect Inspection and Reporting Techniques,Part-time,Annacis Island Campus,In person,1,0
0852CM,Canadian Engineering Professional Practice,Part-time,Online,Online,1,0
0853CM,Principles of Regenerative Building,Part-time,Online,Online,1,0
0854CM,Essentials of Community Energy and Emissions Management,Part-time,Online,Online,1,0
0855CM,Thermal Power Plant Simulation Proficiency,Part-time,Online,Online,1,0
0856CM,Retrofit Solutions for Rural Communities,Part-time,Burnaby Campus / Online,Blended,1,0
0857CM,Automotive Collision Estimator,Part-time,Burnaby Campus,In person,1,0
0859CM,Sexual and Reproductive Health Foundations,Part-time,Online,Online,1,0
0860CM,Heat Pump Maintenance and Troubleshooting,Part-time,Burnaby Campus / Online,Blended,1,0
0861CM,Climate Changemakers Leadership Training,Part-time,Online,Online,1,0
0862CM,Residential Air to Air Heat Pump Specialist,Part-time,Burnaby Campus / Online,Blended,1,0
0864CM,Marine Business Essentials,Part-time,Online,Online,1,0
0865CM,Introduction to Power Systems Protection Design,Part-time,Online,Online,1,0
0866CM,Distribution Design for Electrical Utilities,Part-time,Online,Online,1,0
0869CM,Occupational Health and Safety Essentials,Part-time,Online,Online,1,0
0870CM,Sexual Health Rehabilitation,Part-time,Online,Online,1,0
0872CM,Techniques for Crime & Intelligence Analysts (TCIA),Part-time,Online,Online,1,0
0873CM,Fundamentals in Polytechnic Teaching,Part-time,Burnaby Campus / Online,Blended,1,0
0874CM,"Fundamentals in Architecture, Construction, and Engineering",Part-time,Burnaby Campus,In person,1,0
0875CM,Applied Additive Manufacturing,Part-time,Burnaby Campus,In person,1,0
0876CM,Applied Mass Timber Engineering,Part-time,Online,Online,1,0
100ADIPMA,Airline and Flight Operations Commercial Pilot (Fixed-Wing),Full-time,Aerospace Technology Campus / Boundary Bay,In person,1,0
100BDIPMA,Airline and Flight Operations Commercial Pilot (Rotary-Wing),Full-time,Aerospace Technology Campus / flight sites,In person,1,0
1030CERTTS,Aircraft Gas Turbine Technician,Full-time,Aerospace Technology Campus / Online,Blended,1,0
1070ACERT,Airport Operations,Part-time,Aerospace Technology Campus / Online,Blended,1,0
1155ACERT,Construction Drawings,Part-time,Online,Online,1,0
1165DIPMA,Aircraft Maintenance Engineer Category ‘E’ (Electronics),Full-time,"Aerospace Technology Campus, Richmond",In person,2,1
1175DIPMA,Aviation Management and Operations,Full-time,Aerospace Technology Campus,In person,1,0
1180ACERT,Trades Discovery General,Full-time,Burnaby Campus,In person,1,0
1190ACERT,Trades Discovery for Women,Full-time,Burnaby Campus / Online,Blended,1,0
1195IPCERT,Advanced Gas Turbine,Full-time,Aerospace Technology Campus,In person,1,0
1205DIPMA,Aircraft Maintenance Engineer Category 'S' (Structures),Full-time,"Aerospace Technology Campus, Richmond",In person,1,1
1230DIPMA,Aircraft Maintenance Engineer Category 'M' (Maintenance),Full-time,"Aerospace Technology Campus, Richmond",In person,3,1
1255CERT,Auto Body Repair and Refinishing Technician Foundation,Full-time,Burnaby Campus / Online,Blended,1,0
1320ADCERT,Automated Controls Installation and Maintenance,Part-time,Burnaby Campus / Online,Blended,1,0
1355TTCERT,Automotive Technician Foundation,Full-time,Burnaby Campus / Online,Blended,1,0
1360CERT,Automotive Technician (Honda/Acura Foundation),Full-time,Burnaby Campus / Online,Blended,1,0
1375TTCERT,Automotive Technician (Toyota Foundation),Full-time,Burnaby Campus / Online,Blended,1,0
1430DIPMA,Automotive Service Technician and Operations,Full-time,Burnaby Campus / Online,Blended,1,0
143ADIPMA,Automotive Service Technician and Operations (Ford ASSET Option),Full-time,Burnaby Campus,In person,1,0
143BDIPMA,Automotive Service Technician and Operations - Non-Co-op Option,Full-time,Burnaby Campus / Online,Blended,1,0
1450TTCERT,Boilermaker Foundation,Full-time,Burnaby Campus,In person,1,0
1525TTDIPL,CNC Machinist Technician,Full-time,Burnaby Campus,In person,1,0
1645CERT,Carpentry Framing and Forming Foundation,Full-time,Burnaby Campus,In person,1,0
1685ACERT,Railway Conductor and Operations,Part-time,Annacis Island Campus / Online,Blended,1,0
1710CERTTS,Architectural and Structural CADD and Graphics Technician (Structural Option),Full-time,Burnaby Campus,In person,1,0
1720CERTTS,Architectural and Structural CADD and Graphics Technician (Architectural Option),Full-time,Burnaby Campus,In person,1,0
1780CERT,Electrical Foundation,Full-time,Burnaby Campus,In person,1,0
1790ACERT,Hydronic Technician,Part-time,Burnaby Campus,In person,1,0
1855DIPMA,Heavy Duty Truck Technology,Full-time,Annacis Island Campus / Online,Blended,1,0
1885ACERTS,Network Administrator Technician,Part-time,Burnaby Campus,In person,1,0
1920CERT,Marine Mechanical Technician Foundation,Full-time,Annacis Island Campus,In person,1,0
1930DIPMA,Computer Information Systems Administration,Full-time,Burnaby Campus,In person,1,0
1940CERT,Heavy Mechanical Trades Foundation,Full-time,Annacis Island Campus,In person,1,0
2000TTCERT,Ironworker Foundation,Full-time,Burnaby Campus,In person,1,0
2020CERTTS,Chief Mate,Part-time,Refer to official BCIT program page,In person,1,0
2060CERT,Cabinetmaker (Joiner) Foundation,Full-time,Burnaby Campus,In person,1,0
2175TTCERT,Machinist Foundation,Full-time,Burnaby Campus,In person,1,0
2230CERT,Millwright Foundation,Full-time,Burnaby Campus,In person,1,0
2365CERT,Motorcycle Technician Foundation,Full-time,Burnaby Campus / Online,Blended,1,0
2410TTCERT,Power Engineering (General Program),Full-time,Burnaby Campus,In person,1,0
2425CERT,Refrigeration and Air Conditioning Mechanic Foundation,Full-time,Burnaby Campus,In person,1,0
2430DIPMA,Power and Process Engineering,Full-time,Burnaby Campus,In person,1,0
2440CERT,Piping Foundation,Full-time,Burnaby Campus,In person,1,0
2505ACERTS,Master 150GT Domestic,Part-time,Marine Campus,In person,1,0
2515ACERTS,Master 500GT Domestic,Part-time,Marine Campus,In person,1,0
2522CERTTS,Master 3000GT Domestic,Part-time,Marine Campus,In person,1,0
2536DIPMA,Nautical Sciences,Full-time,Marine Campus,In person,1,0
2542CERTTS,Watchkeeping Mate Near Coastal (WKMNC),Part-time,Refer to official BCIT program page,In person,1,0
2645CERT,Sheet Metal Worker Foundation,Full-time,Burnaby Campus,In person,1,0
2825CERT,Metal Fabricator Foundation,Full-time,Burnaby Campus,In person,1,0
2847CERT,Welder Foundation,Full-time,Burnaby Campus,In person,1,0
2860TTCERT,"Welding, Level B",Full-time,Burnaby Campus,In person,1,0
2870TTCERT,"Welding, Level A",Full-time,Burnaby Campus,In person,1,0
2885ADVDIP,Marine Engineering,Full-time,Marine Campus,In person,1,0
2915CERT,Security Systems Technician,Full-time,Burnaby Campus,In person,1,0
2933ACERT,Bridge Watch Rating,Full-time,Marine Campus / Online,Blended,1,0
2942DIPMA,Marine Engineering,Full-time,Marine Campus,In person,1,0
2945DIPMA,Industrial Instrumentation and Process Control Technician,Full-time,Burnaby Campus,In person,1,0
2958CERT,"Heating, Ventilation, Air Conditioning and Refrigeration Technician",Full-time,Burnaby Campus,In person,1,0
2992DIPMA,"Heating, Ventilation, Air Conditioning and Refrigeration Technician",Full-time,Burnaby Campus,In person,1,0
5063DIPMA,Biomedical Engineering Technology,Full-time,Burnaby Campus,In person,1,0
5077CERT,Event Marketing and Management Strategy,Part-time,Downtown Campus / Burnaby Campus / Online,Blended,1,0
5085ACERT,Project Management,Part-time,Downtown Campus / Burnaby Campus / Online,Blended,1,0
5105DIPMA,Digital Communications and Wireless Technologies,Full-time,Burnaby Campus,In person,1,0
5115ACERT,Music Business,Part-time,Burnaby Campus / online,Blended,1,0
5125ACERT,Business of Sawmilling,Part-time,Online,Online,1,0
5140ACERT,Business Administration,Part-time,Burnaby Campus / online,Blended,1,0
5145ADCERT,Sustainable Business,Part-time,Downtown Campus / Online,Blended,1,0
5155DIPMA,"Food Processing, Safety, and Quality",Full-time,Burnaby Campus,In person,1,0
515GACERT,Building Construction Technology,Part-time,Burnaby Campus / Online,Blended,1,0
515HACERT,Building Design and Architectural CAD,Part-time,Burnaby Campus / Online,Blended,1,0
5160ACERT,Industrial Wood Processing,Part-time,Online,Online,1,0
5165ADCERT,Digital Health,Part-time,Online,Online,1,0
5170ACERT,Healthcare Unit Clerk,Part-time,Online,Online,1,0
5175ACERT,Polytechnic Teaching,Part-time,Burnaby Campus / Online,Blended,1,0
5180ADVDIP,Sustainable Business Leadership,Full-time,Downtown Campus / Online,Blended,1,0
5180PADVDIP,Sustainable Business Leadership,Part-time,Downtown Campus / Online,Blended,1,0
5205ACERT,Business Analysis,Part-time,Burnaby Campus / Online,Blended,1,0
5225ACERT,Construction of Mass Timber Structures,Part-time,Burnaby Campus / Online,Blended,1,0
5235ADCERT,Building Energy Modelling and Performance Analysis,Part-time,Online,Online,1,0
5240ADVDIP,Technical Arts,Full-time,Burnaby Campus,In person,1,0
5245ACERT,Artificial Intelligence Management,Part-time,Burnaby Campus / Online,Blended,1,0
5265DIPMA,Industrial Network Cybersecurity,Full-time,Burnaby Campus,In person,1,0
5275ACERT,Business Intelligence,Part-time,Burnaby Campus / Online,Blended,1,0
528AADCERT,Forensic Investigation (Crime and Intelligence Analysis Option),Part-time,Downtown Campus / Burnaby Campus / Online,Blended,1,0
528BADCERT,Forensic Investigation (Forensic Science Option),Part-time,Downtown Campus / Burnaby Campus / Online,Blended,1,0
528CADCERT,Forensic Investigation (Digital Forensics and Cybersecurity Option),Part-time,Downtown Campus / Burnaby Campus,In person,1,0
5290ADVDIP,Professional Accounting,Full-time/Part-time,Burnaby Campus / online,Blended,1,0
5295ACERT,Business Data Management,Part-time,Burnaby Campus / Online,Blended,1,0
530ADIPLT,Cardiology Technology,Part-time,Online,Online,1,0
5310ADCERT,Cardiac Sciences (Cardiovascular Technology Option),Part-time,Online / clinical sites,Blended,1,0
5312ADVDIP,Business Management - Advanced Diploma,Full-time/Part-time,Burnaby Campus,Blended,1,0
5320ADCERT,Cardiac Sciences (Electrophysiology Technology Option),Part-time,Online,Online,1,0
5325ACERT,Foundations in Occupational Health and Safety,Part-time,Online,Online,1,0
5330ADCERT,Cardiac Sciences (Cardiac Rhythm Device Technology Option),Part-time,Online,Online,1,0
534ADIPMA,Electrical and Computer Engineering Technology (Automation and Instrumentation Option),Full-time,Burnaby Campus,In person,1,0
534BDIPMA,Electrical and Computer Engineering Technology (Electrical Power and Industrial Control Option),Full-time,Burnaby Campus,In person,1,0
534CDIPMA,Electrical and Computer Engineering Technology (Telecommunications and Networks Option),Full-time,Burnaby Campus,In person,1,0
5365ACERT,Digital Media Foundations,Part-time,Downtown Campus / Burnaby Campus / Online,Blended,1,0
5375DIPMA,Chemical and Environmental Engineering Technology,Full-time,Burnaby Campus,In person,1,0
5410DIPLT,Civil Engineering Diploma,Full-time,Burnaby,In Person,1,1
5430ACERT,Civil Technology,Part-time,Burnaby Campus / Online,Blended,1,0
5430CERT,Civil Technology,Part-time,Burnaby Campus / Online,Blended,1,0
5440ADCERT,Geographic Information Systems,Part-time,Online,Online,1,0
5500CERT,Computer Systems,Part-time,Downtown Campus / Burnaby Campus / Online,Blended,1,0
5500DIPMA,Computer Systems Technology,Full-time,Burnaby or Downtown Campus,In person,1,0
5500PDIPLT,Computer Systems,Part-time,Burnaby and Downtown campuses / online by course,Blended,1,0
5512CERT,Applied Data Analytics,Part-time,Downtown Campus / online,Blended,1,0
5515ACERT,Applied Network Administration and Design,Part-time,Downtown Campus / Burnaby Campus / Online,Blended,1,0
5530ACERT,Agile Development,Part-time,Downtown Campus / Burnaby Campus / Online,Blended,1,0
5540DIPMA,Computer Information Technology,Full-time,Downtown Campus,In person,1,0
5570ACERT,Computer Aided Design (CAD) Technology,Part-time,Downtown Campus / Burnaby Campus / Online,Blended,1,0
5670ADVDIP,Clinical Genetics Technology,Full-time,Burnaby Campus,In person,1,0
5725ACERT,Computerized Accounting,Part-time,Downtown Campus / Burnaby Campus / Online,Blended,1,0
5755ACERT,Occupational Health and Safety Practitioners,Part-time,Online,Online,1,0
576ADIPMA,Diagnostic Medical Sonography (General Sonography Option),Full-time,Burnaby Campus,In person,1,0
576BDIPMA,Diagnostic Medical Sonography (Cardiac Sonography Option),Full-time,Burnaby Campus,In person,1,0
576CDIPMA,Diagnostic Medical Sonography (General and Cardiac Sonography Option),Full-time,Burnaby Campus,In person,1,0
5810DIPMA,Electroneurophysiology,Full-time,Burnaby Campus,In person,1,0
585CMCERT,Financial Management (Finance Option),Part-time,Downtown Campus / Burnaby Campus / Online,Blended,1,0
585FMCERT,Financial Management (Professional Accounting Option),Part-time,Downtown Campus / Burnaby Campus / Online,Blended,1,0
585IACERT,Financial Management (Financial Planning),Part-time,Downtown Campus / Burnaby Campus / Online,Blended,1,0
5880DIPLT,General Insurance and Risk Management,Full-time,Downtown Campus / Burnaby Campus,In person,1,0
5985ACERT,User Interface (UI) and User Experience (UX) Design,Part-time,Downtown Campus / Online,Blended,1,0
6005ACERT,Payroll and Human Resources,Part-time,Downtown Campus / Burnaby Campus / Online,Blended,1,0
6008CERT,Payroll Administration,Part-time,Downtown Campus / Burnaby Campus / Online,Blended,1,0
6030CERT,Architectural and Building Technology,Part-time,Burnaby Campus / Online,Blended,1,0
6035DIPMA,Accounting,Full-time,Burnaby Campus,In person,1,0
6035PDIPMA,Accounting,Part-time,Downtown Campus / Burnaby Campus / Online,Blended,1,0
6040ACERT,Fundamentals of Water and Wastewater Operations,Part-time,Online,Online,1,0
6045DIPMA,Finance,Full-time,Burnaby Campus / Online,Blended,1,0
6045PDIPMA,Finance,Part-time,Burnaby Campus,Blended,1,0
6055DIPMA,Financial Planning,Full-time,Burnaby Campus / Online,Blended,1,0
6055PDIPMA,Financial Planning,Part-time,Downtown Campus / Burnaby Campus / Online,Blended,1,0
605DDIPMA,Technology Teacher Education,Full-time,Burnaby Campus,In person,1,0
6090CERT,"Essential Technical Skills for Architecture, Construction, and Engineering",Part-time,Burnaby Campus / Online,Blended,1,0
6110DIPMA,Radio Arts and Entertainment,Full-time,Burnaby Campus / Online,Blended,1,0
6115ACERT,Broadcast and Digital Journalism,Part-time,Downtown Campus / Burnaby Campus / Online,Blended,1,0
6120ACERT,Video Production and Editing,Part-time,Downtown Campus / Burnaby Campus,In person,1,0
6125ACERT,Radio Arts and Entertainment,Part-time,Downtown Campus / Burnaby Campus,In person,1,0
6130DIPMA,Television & Video Production,Full-time,Burnaby Campus,In person,1,0
6135DIPMA,Broadcast and Online Journalism,Full-time,Burnaby Campus,In person,1,0
6140DIPMA,Residential Interiors,Part-time,Burnaby Campus / online,Blended,1,0
6185ADCERT,Renewable Energy Electrical Systems Installation & Maintenance,Part-time,Burnaby Campus,In person,1,0
6195CERT,Interior Design Fundamentals,Full-time/Part-time,Burnaby Campus,In person,1,0
6220FDIPMA,Interior Design,Full-time,Burnaby Campus,In person,1,0
6220PDIPMA,Interior Design,Part-time,Burnaby Campus / Online,Blended,1,0
6225ACERT,Global Business Studies,Part-time,Downtown Campus / Burnaby Campus,In person,1,0
6235DIPMA,Business Information Technology Management,Full-time,Burnaby Campus,In person,1,0
623ADIPMA,Business Information Technology Management (Artificial Intelligence Management Option),Full-time,Burnaby Campus,In person,1,0
623BDIPMA,Business Information Technology Management (Enterprise Systems Management Option),Full-time,Burnaby Campus,In person,1,0
623CDIPMA,Business Information Technology Management (Analytics Data Management Option),Full-time,Burnaby Campus,In person,1,0
6245DIPLT,Business Management,Full-time,Burnaby Campus,In person,1,0
6245MCERT,Business Management,Part-time,Downtown Campus / Burnaby Campus / Online,Blended,1,0
6247DIPMA,Graphic Communications,Full-time,Burnaby Campus / Online,Blended,1,0
625AMCERT,Human Resource Management,Part-time,Downtown Campus / Burnaby Campus / Online,Blended,1,0
6265ACERT,Lean Six Sigma Principles,Part-time,Downtown Campus / Burnaby Campus / Online,Blended,1,0
6285CERT,Fire Service Industry Leadership,Part-time,Online,Online,1,0
6290DIPMA,Strategic Human Resources Management,Full-time,Burnaby Campus,In person,1,0
6300MCERT,Marketing Management,Part-time,Downtown Campus / Burnaby Campus / Online,Blended,1,0
630DACERT,Marketing Management - Marketing Communications,Part-time,Downtown Campus / Burnaby Campus / Online,Blended,1,0
630DMCERT,Marketing Management (Marketing Communications Option),Part-time,Downtown Campus / Burnaby Campus / Online,Blended,1,0
630HACERT,Marketing Management - Entrepreneurship,Part-time,Downtown Campus / Burnaby Campus / Online,Blended,1,0
630MACERT,Marketing Management - Sales Skills,Part-time,Downtown Campus / Burnaby Campus / Online,Blended,1,0
630PMCERT,Media Techniques and Marketing Communications,Part-time,Downtown Campus / Burnaby Campus / Online,Blended,1,0
630VMCERT,Marketing Management (Professional Sales Option),Part-time,Downtown Campus / Burnaby Campus / Online,Blended,1,0
630WACERT,Marketing Management - Customer Relationship Marketing,Part-time,Downtown Campus / Burnaby Campus / Online,Blended,1,0
630XACERT,Marketing Management - Public Relations,Part-time,Downtown Campus / Burnaby Campus / Online,Blended,1,0
6310ACERT,Nonprofit Management,Part-time,Downtown Campus / Burnaby Campus / Online,Blended,1,0
6315ACERT,Event Marketing and Planning Foundations,Part-time,Downtown Campus / Burnaby Campus / Online,Blended,1,0
635CDIPLT,Mechanical Engineering Technology (Mechanical Systems Option),Full-time,Burnaby Campus,In person,1,0
635DDIPLT,Mechanical Engineering Technology (Mechanical Design Option),Full-time,Burnaby Campus,In person,1,0
635EDIPLT,Mechanical Engineering Technology (Mechanical Manufacturing Option),Full-time,Burnaby Campus,In person,1,0
6365ACERT,Food Safety,Part-time,Burnaby Campus / Online,Blended,1,0
6375ACERT,Digital Marketing Foundations,Part-time,Downtown Campus / Burnaby Campus / Online,Blended,1,0
6385ACERT,Digital Marketing Strategy,Part-time,Online,Online,1,0
6390ACERT,Marketing Management - Fundraising Management,Part-time,Downtown Campus / Burnaby Campus / Online,Blended,1,0
6422DIPMA,Marketing Management,Full-time,Burnaby Campus,In person,1,0
6425ACERT,Technical Writing,Part-time,Online,Online,1,0
642ADIPMA,Marketing Management (Digital Marketing and Brand Strategy Option),Full-time,Refer to official BCIT program page,In person,1,0
642BDIPMA,Marketing Management (Professional Sales Option),Full-time,Refer to official BCIT program page,In person,1,0
642CDIPMA,Marketing Management (Entrepreneurship Option),Full-time,Refer to official BCIT program page,In person,1,0
642DDIPMA,Marketing Management (Professional Real Estate Option),Full-time,Refer to official BCIT program page,In person,1,0
642EDIPMA,Marketing Management (Tourism Marketing and Sales Option),Full-time,Refer to official BCIT program page,In person,1,0
6450MCERT,Media Techniques for Business,Part-time,Downtown Campus / Burnaby Campus / Online,Blended,1,0
6465ACERT,Web and Mobile Application Development,Part-time,Downtown Campus / online,Blended,1,0
6505ACERT,Graphic Design Foundations,Part-time,Downtown Campus / Burnaby Campus / Online,Blended,1,0
6515DIPMA,Digital Design and Development,Full-time,Burnaby Campus,In person,1,0
6525DIPMA,New Media Design and Web Development,Full-time,Downtown Campus / Online,Blended,1,0
6530CERT,Construction Estimating,Part-time,Burnaby Campus / online,Blended,1,0
6535CERT,Front-End Web Developer,Full-time,Downtown Campus,In person,1,0
6575DIPMA,"3D Modeling, Art and Animation",Full-time,Burnaby Campus,In person,1,0
6585CERT,Graphic Design,Full-time/Part-time,Downtown Campus / Burnaby Campus / Online,Blended,1,0
6590ACERT,Tourism and Hospitality,Part-time,Downtown Campus / Online,Blended,1,0
6595DIPMA,Graphic Design and Interactive Media,Part-time,Burnaby Campus,Blended,1,0
6615DIPMA,Medical Laboratory Science,Full-time,Burnaby Campus,In person,1,0
6630ACERT,Medical Office Assistant,Part-time,Online,Online,1,0
6635DIPMA,Medical Radiography,Full-time,Burnaby Campus and assigned BC clinical sites,In person with clinical placements,1,0
6640DIPMA,Mineral Exploration and Mining Technology,Full-time,Burnaby Campus,In person,1,0
6645ADCERT,Bridging Medical Radiography,Part-time,Burnaby Campus / Online,Blended,1,0
6705DIPMA,Nuclear Medicine,Full-time,Burnaby Campus,In person,1,0
675FACERT,Fire Protection Inspection and Testing,Part-time,Burnaby Campus / Online,Blended,1,0
6760ACERT,Mechanical Systems,Part-time,Burnaby Campus / online,Blended,1,0
680BASCERT,Pediatric Nursing Specialty (Standard Option),Part-time,Online,Online,1,0
680CASCERT,Perinatal Nursing Specialty (Standard Option),Part-time,Online,Online,1,0
680EASCERT,Emergency Nursing Specialty (Standard Option),Part-time,Online,Online,1,0
680FASCERT,Neonatal Nursing Specialty,Part-time,Online,Online,1,0
680LASCERT,Critical Care Nursing Specialty (Combined Critical Care/Emergency Option),Part-time,Online,Online,1,0
680MASCERT,Nephrology Nursing Specialty,Part-time,Online,Online,1,0
680PASCERT,Perioperative Nursing Specialty,Part-time,Online,Online,1,0
680SASCERT,Emergency Nursing Specialty (Combined Emergency/Critical Care Option),Part-time,Online,Online,1,0
680VASCERT,Perinatal Nursing Specialty (Perinatal - Perioperative Option),Part-time,Online,Online,1,0
680WASCERT,High Acuity Nursing Specialty,Part-time,Online,Online,1,0
680XADCERT,Critical Care Nursing Specialty,Part-time,Online,Online,1,0
680YADCERT,Emergency Nursing Specialty (Pediatric Emergency Option),Part-time,Online,Online,1,0
680ZADCERT,Pediatric Nursing Specialty (Critical Care Option),Part-time,Online,Online,1,0
681BADCERT,Pediatric Nursing Specialty (Anesthesia Care Option),Part-time,Online,Online,1,0
6820ASCERT,Cardiovascular Perfusion,Part-time,Burnaby Campus / clinical sites,Blended,1,0
6830ACERT,Leadership,Part-time,Downtown Campus / Burnaby Campus / Online,Blended,1,0
6835ADCERT,Pediatric Emergency Nursing Specialty,Part-time,Online,Online,1,0
6850DIPLT,Occupational Health and Safety,Full-time,Burnaby Campus,In person,1,0
6860ADCERT,Health Leadership,Part-time,Online,Online,1,0
6890CERT,Advanced Safety Management,Part-time,Online,Online,1,0
690AMCERT,Operations Management (Industrial Engineering Option),Part-time,Downtown Campus / Burnaby Campus / Online,Blended,1,0
690BMCERT,Operations Management (Management Engineering Option),Part-time,Downtown Campus / Burnaby Campus / Online,Blended,1,0
690DMCERT,Operations Management (Materials Management Option),Part-time,Downtown Campus / Burnaby Campus / Online,Blended,1,0
690FMCERT,Operations Management (Facilities Management Option),Part-time,Downtown Campus / Burnaby Campus / Online,Blended,1,0
6915DIPMA,Operations & Management Engineering,Full-time,Burnaby Campus / Online,Blended,1,0
6945CERT,Quality and Process Management,Part-time,Downtown Campus / Burnaby Campus / Online,Blended,1,0
6957ACERT,Applied Web Development,Part-time,Downtown Campus / Burnaby Campus / Online,Blended,1,0
6958ACERT,Applied Software Development (ASD),Part-time,Downtown Campus / online,Blended,1,0
6992ACERT,Applied Computer Information Systems (ACIS),Part-time,Downtown Campus / online,Blended,1,0
6994ACERT,Applied Database Administration and Design,Part-time,Downtown Campus / Burnaby Campus / Online,Blended,1,0
6998CERT,Office Administrator with Technology Program (OAT),Full-time,Downtown Campus / Online,Blended,1,0
703ADIPMA,Business Administration (General Option),Part-time,Burnaby Campus / online,Blended,1,0
703BDIPMA,Business Administration (Global Studies Option),Part-time,Downtown Campus / Burnaby Campus / Online,Blended,1,0
703CDIPMA,Business Administration (Human Resources Option),Part-time,Downtown Campus / Burnaby Campus / Online,Blended,1,0
703DDIPMA,Business Administration (Management Option),Part-time,Downtown Campus / Burnaby Campus / Online,Blended,1,0
703EDIPMA,Business Administration (Marketing Option),Part-time,Downtown Campus / Burnaby Campus / Online,Blended,1,0
7100DIPLT,Prosthetics and Orthotics,Full-time,Burnaby Campus,In person,1,0
7110CERT,Technology Support Professional (TSP),Full-time,Downtown Campus,In person,1,0
7140DIPMA,Architectural and Building Technology,Full-time,Burnaby Campus,In person,1,0
7160ADVDIP,Diagnostic Medical Sonography – Cardiac,Full-time,Burnaby Campus,In person,1,0
7340DIPLT,Mechatronics and Robotics,Full-time,Burnaby Campus,In person,1,0
7460MCERT,International Trade and Transportation Logistics,Part-time,Downtown Campus / Online,Blended,1,0
7475DIPMA,Global Supply Chain Management,Full-time,Burnaby Campus,In person,1,0
7485DIPMA,Forest and Natural Areas Management,Full-time,Burnaby Campus,In person,1,0
7535DIPMA,Geomatics Engineering Technology,Full-time,Burnaby Campus,In person,1,0
7610ACERT,Human Resource Management,Part-time,Downtown Campus / Burnaby Campus / Online,Blended,1,0
7710DIPMA,Construction Management,Part-time,Burnaby Campus / Online,Blended,1,0
7870CERT,Construction Supervision,Part-time,Burnaby Campus / Online,Blended,1,0
7880ACERT,Construction Operations,Part-time,Burnaby Campus / Online,Blended,1,0
7935DIPMA,"Fish, Wildlife and Recreation",Full-time,Burnaby Campus,In person,1,0
7950ASCERT,Magnetic Resonance Imaging,Part-time,Online,Online,1,0
7975DIPMA,Magnetic Resonance Imaging,Full-time,Burnaby Campus,In person,1,0
7985ACERT,Business Fundamentals,Full-time,Burnaby Campus,In person,1,0
8020BENG,Mechanical Engineering,Full-time,Burnaby Campus,In person,1,0
8030BENG,Electrical Engineering,Full-time,Burnaby Campus,In person,1,0
8040BSC,Ecological Restoration,Full-time/Part-time,Burnaby Campus,Blended,1,0
8050BTECH,Architectural Science,Full-time,Burnaby Campus,In person,1,0
810ABSN,"Specialty Nursing (Critical Care - Standard Option), Bachelor of Science in Nursing, Part-time",Part-time,Online,Program delivery Online: This program is delivered fully online.,0,0
810BBSN,"Specialty Nursing (Emergency - Standard Option), Bachelor of Science in Nursing, Part-time",Part-time,Online,Program delivery Online: This program is delivered fully online.,0,0
810CBSN,"Specialty Nursing (Neonatal), Bachelor of Science in Nursing, Part-time",Part-time,Online,Program delivery Online: This program is delivered fully online.,0,0
810DBSN,"Specialty Nursing (Nephrology), Bachelor of Science in Nursing, Part-time",Part-time,Online,Program delivery Online: This program is delivered fully online.,0,0
810FBSN,"Specialty Nursing (Pediatric - Standard Option), Bachelor of Science in Nursing, Part-time",Part-time,Online,Program delivery Online: This program is delivered fully online.,0,0
810GBSN,"Specialty Nursing (Perinatal - Standard Option), Bachelor of Science in Nursing, Part-time",Part-time,Online,Program delivery Online: This program is delivered fully online.,0,0
810HBSN,"Specialty Nursing (Perioperative), Bachelor of Science in Nursing, Part-time",Part-time,Online,Program delivery Online: This program is delivered fully online.,0,0
810KBSN,"Specialty Nursing (Critical Care - Combined Critical Care/Emergency Option), Bachelor of Science in Nursing, Part-time",Part-time,Online,Program delivery Online: This program is delivered fully online.,0,0
810MBSN,"Specialty Nursing (High Acuity), Bachelor of Science in Nursing, Part-time",Part-time,Online,Program delivery Online: This program is delivered fully online.,0,0
810NBSN,"Specialty Nursing (Emergency - Combined Emergency/Critical Care Option), Bachelor of Science in Nursing, Part-time",Part-time,Online,Program delivery Online: This program is delivered fully online.,0,0
810QBSN,"Specialty Nursing (Pediatric - Critical Care Option), Bachelor of Science in Nursing, Part-time",Part-time,Online,Program delivery Online: This program is delivered fully online.,0,0
810SBSN,"Specialty Nursing (Perinatal - Perioperative Option), Bachelor of Science in Nursing, Part-time",Part-time,Online,Program delivery Online: This program is delivered fully online.,0,0
8120BTECH,Environmental Engineering,Full-time/Part-time,Burnaby Campus,Blended,1,0
830ABHSC,Bachelor of Health Science (Magnetic Resonance Imaging Option),Part-time,Online,Online,1,0
8310BTECH,Geographic Information Systems,Full-time/Part-time,Burnaby Campus / online,Blended,1,0
8350BTECH,Technology Management,Part-time,Burnaby Campus / Online,Blended,1,0
847ABTECH,Forensic Investigation (Crime and Intelligence Analysis Option),Part-time,Downtown Campus / Burnaby Campus / Online,Blended,1,0
847BBTECH,Forensic Investigation (Forensic Science Option),Part-time,Downtown Campus / Burnaby Campus / Online,Blended,1,0
847CBTECH,Forensic Investigation (Digital Forensics and Cybersecurity Option),Full-time/Part-time,Downtown Campus / Burnaby Campus / Online,Blended,1,0
8520BENVH,Environmental Public Health,Full-time,Burnaby Campus,In person,1,0
8610BENG,Mining and Mineral Resource Engineering,Full-time,Burnaby Campus,In person,1,0
8630BACC,Accounting,Full-time / Part-time (Flexible Learning),Burnaby Campus,In person,5,1
8645BSC,Geomatics,Full-time,Burnaby Campus,In person,1,0
8650BSC,Radiation Therapy,Full-time,Burnaby Campus,In person,1,0
8660BENG,Civil Engineering Bachelor of Engineering,Full-time,Burnaby,In Person,1,1
867ABSC,Applied Computer Science (Games Development Option),Full-time,Burnaby Campus,In person,1,0
867BBSC,Applied Computer Science (Network Security Applications Development Option),Full-time/Part-time,Downtown Campus / Burnaby Campus / Online,Blended,1,0
867CBSC,Applied Computer Science (Database Option),Full-time/Part-time,Burnaby Campus / online,Blended,1,0
867DBSC,Applied Computer Science (Human Computer Interface Option),Part-time,Downtown Campus / Burnaby Campus / Online,Blended,1,0
867EBSC,Applied Computer Science (Network Security Administration Option),Part-time,Downtown Campus / Burnaby Campus / Online,Blended,1,0
867FBSC,Applied Computer Science (Wireless and Mobile Applications Development Option),Part-time,Downtown Campus / Burnaby Campus / Online,Blended,1,0
8800BTECH,Construction Management,Full-time and Part-time,Burnaby,In person,4,1
8830BID,Interior Design,Full-time,Burnaby Campus / Online,Blended,1,0
8875BSN,"Nursing, Bachelor of Science in Nursing, Full-time",Full-time,Burnaby,Program delivery In person: This program is delivered on campus.,0,1
8900BTECH,Electronics,Part-time / Flexible Learning,Burnaby,In person,0,1
8910BSC,Honours in Biotechnology,Full-time,Burnaby Campus,In person,1,0
9100FADVDIP,Geographic Information Systems,Full-time,Burnaby Campus,In person,1,0
9100PADVDIP,Geographic Information Systems,Part-time,Online,Online,1,0
9940BSC,Combined Honours in Biochemistry and Forensic Science,Full-time,Burnaby Campus and UBC Vancouver,In person,1,0
9975BBA,Bachelor of Business Administration,Full-time/Part-time,Burnaby Campus / online,Blended,1,0
9980BCI,Bachelor of Creative Industries,Full-time,Burnaby Campus,In person,1,0
A200GRCERT,Building Energy Modelling,Part-time,Burnaby Campus,In person,1,0
A500GRCERT,Global Leadership,Full-time,Downtown Campus / Online,Blended,1,0
A600GRCERT,Business Analytics,Full-time,Vancouver Campus,Blended,1,0
A700GRCERT,Business Administration,Full-time,"Downtown Campus, Vancouver",Blended (on campus and online),1,1
M120MENG,Building Science,Full-time/Part-time,Burnaby Campus,Blended,1,0
M220MASC,Building Engineering/Building Science,Full-time/Part-time,Burnaby Campus,Blended,1,0
M410MSC,Ecological Restoration,Full-time/Part-time,Burnaby Campus,Blended,1,0
M500MENG,Smart Grid Systems and Technologies,Full-time/Part-time,Burnaby Campus,Blended,1,0
M600MSC,Applied Computing,Full-time,Burnaby; possible Downtown Campus or field locations,In person,2,2
