program_id,program_name,credential,study_mode,classification,catalog_occurrences,canonical_url,ordinary_expected,active_in_postgresql,identity_result
0020NOBCIT,Technology Entry (TE),,Full-time,non-program/special entry,2,https://www.bcit.ca/programs/technology-entry-te-full-time-0020nobcit/,False,False,OUT_OF_SCOPE
0110APPR,Diesel Engine Mechanic,Apprenticeship,Full-time,apprenticeship/training structure without identifiable course IDs,1,https://www.bcit.ca/programs/diesel-engine-mechanic-apprenticeship-full-time-0110appr/,False,False,OUT_OF_SCOPE
0120NOBCIT,International Student Entry,,Full-time,prior RED/holdback,2,https://www.bcit.ca/programs/international-student-entry-full-time-0120nobcit/,False,False,OUT_OF_SCOPE
0130NOBCIT,English for Professional and Academic Success,,Full-time,non-program/special entry,2,https://www.bcit.ca/programs/english-for-professional-and-academic-success-full-time-0130nobcit/,False,False,OUT_OF_SCOPE
0205000000,Small Business Management,Statement of Completion,Part-time,non-program/special entry,1,https://www.bcit.ca/programs/small-business-management-statement-of-completion-part-time-0205000000/,False,False,OUT_OF_SCOPE
0210NOBCIT,Masters of Digital Media,,Full-time,non-program/special entry,1,https://www.bcit.ca/programs/masters-of-digital-media-full-time-0210nobcit/,False,False,OUT_OF_SCOPE
0225000000,Human Resources,Statement of Completion,Part-time,non-program/special entry,1,https://www.bcit.ca/programs/human-resources-statement-of-completion-part-time-0225000000/,False,False,OUT_OF_SCOPE
0290000000,Leadership,Statement of Completion,Part-time,non-program/special entry,1,https://www.bcit.ca/programs/leadership-statement-of-completion-part-time-0290000000/,False,False,OUT_OF_SCOPE
0425000000,Road Area Manager Certification,Statement of Completion,Part-time,non-program/special entry,2,https://www.bcit.ca/programs/road-area-manager-certification-statement-of-completion-part-time-0425000000/,False,False,OUT_OF_SCOPE
0440000000,Dental Office Receptionist,Statement of Completion,Part-time,non-program/special entry,3,https://www.bcit.ca/programs/dental-office-receptionist-statement-of-completion-part-time-0440000000/,False,False,OUT_OF_SCOPE
0445000000,Digital Photography,Statement of Completion,Part-time,non-program/special entry,1,https://www.bcit.ca/programs/digital-photography-statement-of-completion-part-time-0445000000/,False,False,OUT_OF_SCOPE
0455000000,Lean Business Improvement,Statement of Completion,Part-time,non-program/special entry,1,https://www.bcit.ca/programs/lean-business-improvement-statement-of-completion-part-time-0455000000/,False,False,OUT_OF_SCOPE
0500000000,Management Skills in Communication and Negotiation,Statement of Completion,Part-time,non-program/special entry,1,https://www.bcit.ca/programs/management-skills-in-communication-and-negotiation-statement-of-completion-part-time-0500000000/,False,False,OUT_OF_SCOPE
0520000000,Long-term Care Management,Statement of Completion,Part-time,non-program/special entry,1,https://www.bcit.ca/programs/long-term-care-management-statement-of-completion-part-time-0520000000/,False,False,OUT_OF_SCOPE
0700000000,House Inspection,Statement of Completion,Part-time,non-program/special entry,2,https://www.bcit.ca/programs/house-inspection-statement-of-completion-part-time-0700000000/,False,False,OUT_OF_SCOPE
0705000000,International Perfusionist Equivalency Assessment (IPEA),Statement of Completion,Part-time,non-program/special entry,1,https://www.bcit.ca/programs/international-perfusionist-equivalency-assessment-ipea-statement-of-completion-part-time-0705000000/,False,False,OUT_OF_SCOPE
0800CM,Introductory Studies in Mass Timber Construction,Microcredential,Part-time,legitimate remaining import candidate,2,https://www.bcit.ca/programs/introductory-studies-in-mass-timber-construction-microcredential-part-time-0800cm/,True,True,MATCH
0801CM,Essentials of Natural Resource and Environmental Protection (MENREP),Microcredential,Part-time,legitimate remaining import candidate,1,https://www.bcit.ca/programs/essentials-of-natural-resource-and-environmental-protection-menrep-microcredential-part-time-0801cm/,True,True,MATCH
0803CM,Script Supervision and Continuity for Film and TV,Microcredential,Part-time,legitimate remaining import candidate,1,https://www.bcit.ca/programs/script-supervision-and-continuity-for-film-and-tv-microcredential-part-time-0803cm/,True,True,MATCH
0804CM,Forensic Nurse Examiner Education for RNs,Microcredential,Part-time,already loaded,2,https://www.bcit.ca/programs/forensic-nurse-examiner-education-for-rns-microcredential-part-time-0804cm/,True,True,MATCH
0805CM,Breast Sonography,Microcredential,Part-time,legitimate remaining import candidate,1,https://www.bcit.ca/programs/breast-sonography-microcredential-part-time-0805cm/,True,True,MATCH
0806CM,Musculoskeletal Sonography,Microcredential,Part-time,legitimate remaining import candidate,1,https://www.bcit.ca/programs/musculoskeletal-sonography-microcredential-part-time-0806cm/,True,True,MATCH
0810CM,Low-Code Mobile Application Development,Microcredential,Part-time,already loaded,1,https://www.bcit.ca/programs/low-code-mobile-application-development-microcredential-part-time-0810cm/,True,True,MATCH
0811CM,Essentials of Data Networks,Microcredential,Part-time,legitimate remaining import candidate,1,https://www.bcit.ca/programs/essentials-of-data-networks-microcredential-part-time-0811cm/,True,True,MATCH
0812CM,Cybersecurity Analysis for Network Administrators,Microcredential,Part-time,legitimate remaining import candidate,1,https://www.bcit.ca/programs/cybersecurity-analysis-for-network-administrators-microcredential-part-time-0812cm/,True,True,MATCH
0813CM,Advanced Forensic Nurse Examiner,Microcredential,Part-time,already loaded,2,https://www.bcit.ca/programs/advanced-forensic-nurse-examiner-microcredential-part-time-0813cm/,True,True,MATCH
0814CM,Essential Field Skills for Environmental Professionals,Microcredential,Part-time,legitimate remaining import candidate,2,https://www.bcit.ca/programs/essential-field-skills-for-environmental-professionals-microcredential-part-time-0814cm/,True,True,MATCH
0815CM,Supervising Net-Zero and Passive House Construction,Microcredential,Part-time,legitimate remaining import candidate,2,https://www.bcit.ca/programs/supervising-net-zero-and-passive-house-construction-microcredential-part-time-0815cm/,True,True,MATCH
0816CM,Applied Circular Economy: Zero Waste Buildings,Microcredential,Part-time,already loaded,2,https://www.bcit.ca/programs/applied-circular-economy-zero-waste-buildings-microcredential-part-time-0816cm/,True,True,MATCH
0817CM,Introduction to Forest Health Quantification with RPAS,Microcredential,Part-time,legitimate remaining import candidate,2,https://www.bcit.ca/programs/introduction-to-forest-health-quantification-with-rpas-microcredential-part-time-0817cm/,True,True,MATCH
0819CM,Essentials of Net-Zero and Passive House Construction,Microcredential,Part-time,legitimate remaining import candidate,4,https://www.bcit.ca/programs/essentials-of-net-zero-and-passive-house-construction-microcredential-part-time-0819cm/,True,True,MATCH
0820CM,Cybersecurity Essentials for IT Professionals,Microcredential,Part-time,already loaded,2,https://www.bcit.ca/programs/cybersecurity-essentials-for-it-professionals-microcredential-part-time-0820cm/,True,True,MATCH
0822CM,Food Safety Preventive Controls and HACCP Plans,Microcredential,Part-time,legitimate remaining import candidate,1,https://www.bcit.ca/programs/food-safety-preventive-controls-and-haccp-plans-microcredential-part-time-0822cm/,True,True,MATCH
0823CM,Food Safety Management,Microcredential,Part-time,legitimate remaining import candidate,1,https://www.bcit.ca/programs/food-safety-management-microcredential-part-time-0823cm/,True,True,MATCH
0824CM,Animal Cell Culture,Microcredential,Part-time,legitimate remaining import candidate,1,https://www.bcit.ca/programs/animal-cell-culture-microcredential-part-time-0824cm/,True,True,MATCH
0825CM,Canadian Employment Readiness (CER),Microcredential,Part-time,legitimate remaining import candidate,2,https://www.bcit.ca/programs/canadian-employment-readiness-cer-microcredential-part-time-0825cm/,True,True,MATCH
0826CM,Technical Communication Essentials,Microcredential,Part-time,already loaded,1,https://www.bcit.ca/programs/technical-communication-essentials-microcredential-part-time-0826cm/,True,True,MATCH
0828CM,Student Mobility Preparedness,Microcredential,Part-time,legitimate remaining import candidate,2,https://www.bcit.ca/programs/student-mobility-preparedness-microcredential-part-time-0828cm/,True,True,MATCH
0829CM,Building Energy Modelling and Simulation,Microcredential,Part-time,legitimate remaining import candidate,2,https://www.bcit.ca/programs/building-energy-modelling-and-simulation-microcredential-part-time-0829cm/,True,True,MATCH
0830CM,Whole-Building Life Cycle Assessment Professional,Microcredential,Part-time,legitimate remaining import candidate,3,https://www.bcit.ca/programs/whole-building-life-cycle-assessment-professional-microcredential-part-time-0830cm/,True,True,MATCH
0831CM,Industrial Networking for Cybersecurity Professionals,Microcredential,Part-time,already loaded,1,https://www.bcit.ca/programs/industrial-networking-for-cybersecurity-professionals-microcredential-part-time-0831cm/,True,True,MATCH
0832CM,Cybersecurity Operations,Microcredential,Part-time,already loaded,1,https://www.bcit.ca/programs/cybersecurity-operations-microcredential-part-time-0832cm/,True,True,MATCH
0833CM,Forensic Nurse Death Investigator,Microcredential,Part-time,legitimate remaining import candidate,2,https://www.bcit.ca/programs/forensic-nurse-death-investigator-microcredential-part-time-0833cm/,True,True,MATCH
0835CM,International Education Practitioner - Foundation,Microcredential,Part-time,legitimate remaining import candidate,2,https://www.bcit.ca/programs/international-education-practitioner-foundation-microcredential-part-time-0835cm/,True,True,MATCH
0836CM,Drone Applications for Environmental Risk Assessment,Microcredential,Part-time,legitimate remaining import candidate,2,https://www.bcit.ca/programs/drone-applications-for-environmental-risk-assessment-microcredential-part-time-0836cm/,True,True,MATCH
0837CM,Foundational Digital Forensics Skills,Microcredential,Part-time,legitimate remaining import candidate,2,https://www.bcit.ca/programs/foundational-digital-forensics-skills-microcredential-part-time-0837cm/,True,True,MATCH
0838CM,Automotive Service Management Essentials,Microcredential,Part-time,legitimate remaining import candidate,1,https://www.bcit.ca/programs/automotive-service-management-essentials-microcredential-part-time-0838cm/,True,True,MATCH
0839CM,"Fiber Optics - Principles, Installation and Repair",Microcredential,Part-time,already loaded,1,https://www.bcit.ca/programs/fiber-optics-principles-installation-and-repair-microcredential-part-time-0839cm/,True,True,MATCH
0840CM,Introduction to Full-Stack Web Development,Microcredential,Part-time,legitimate remaining import candidate,3,https://www.bcit.ca/programs/introduction-to-full-stack-web-development-microcredential-part-time-0840cm/,True,True,MATCH
0841CM,Web Development Foundations (WDF),Microcredential,Part-time,legitimate remaining import candidate,3,https://www.bcit.ca/programs/web-development-foundations-wdf-microcredential-part-time-0841cm/,True,True,MATCH
0842CM,Data Visualization with MS Power BI,Microcredential,Part-time,legitimate remaining import candidate,6,https://www.bcit.ca/programs/data-visualization-with-ms-power-bi-microcredential-part-time-0842cm/,True,True,MATCH
0843CM,Spanish Language and Culture Fundamentals,Microcredential,Part-time,legitimate remaining import candidate,3,https://www.bcit.ca/programs/spanish-language-and-culture-fundamentals-microcredential-part-time-0843cm/,True,True,MATCH
0844CM,Fundamentals of Virtual Containers,Microcredential,Part-time,legitimate remaining import candidate,3,https://www.bcit.ca/programs/fundamentals-of-virtual-containers-microcredential-part-time-0844cm/,True,True,MATCH
0845CM,Network Switching and Routing,Microcredential,Part-time,already loaded,1,https://www.bcit.ca/programs/network-switching-and-routing-microcredential-part-time-0845cm/,True,True,MATCH
0846CM,Sterile Field and the Aseptic Environment,Microcredential,Part-time,legitimate remaining import candidate,1,https://www.bcit.ca/programs/sterile-field-and-the-aseptic-environment-microcredential-part-time-0846cm/,True,True,MATCH
0847CM,Wind Turbine Essentials,Microcredential,Part-time,legitimate remaining import candidate,1,https://www.bcit.ca/programs/wind-turbine-essentials-microcredential-part-time-0847cm/,True,True,MATCH
0848CM,Advanced Topics in Networking,Microcredential,Part-time,legitimate remaining import candidate,1,https://www.bcit.ca/programs/advanced-topics-in-networking-microcredential-part-time-0848cm/,True,True,MATCH
0849CM,Asbestos Awareness and Safety,Microcredential,Part-time,legitimate remaining import candidate,1,https://www.bcit.ca/programs/asbestos-awareness-and-safety-microcredential-part-time-0849cm/,True,True,MATCH
0850CM,Fraud and Financial Crime Investigation,Microcredential,Part-time,legitimate remaining import candidate,4,https://www.bcit.ca/programs/fraud-and-financial-crime-investigation-microcredential-part-time-0850cm/,True,True,MATCH
0851CM,Aircraft Defect Inspection and Reporting Techniques,Microcredential,Part-time,legitimate remaining import candidate,1,https://www.bcit.ca/programs/aircraft-defect-inspection-and-reporting-techniques-microcredential-part-time-0851cm/,True,True,MATCH
0852CM,Canadian Engineering Professional Practice,Microcredential,Part-time,legitimate remaining import candidate,2,https://www.bcit.ca/programs/canadian-engineering-professional-practice-microcredential-part-time-0852cm/,True,True,MATCH
0853CM,Principles of Regenerative Building,Microcredential,Part-time,legitimate remaining import candidate,2,https://www.bcit.ca/programs/principles-of-regenerative-building-microcredential-part-time-0853cm/,True,True,MATCH
0854CM,Essentials of Community Energy and Emissions Management,Microcredential,Part-time,legitimate remaining import candidate,2,https://www.bcit.ca/programs/essentials-of-community-energy-and-emissions-management-microcredential-part-time-0854cm/,True,True,MATCH
0855CM,Thermal Power Plant Simulation Proficiency,Microcredential,Part-time,legitimate remaining import candidate,1,https://www.bcit.ca/programs/thermal-power-plant-simulation-proficiency-microcredential-part-time-0855cm/,True,True,MATCH
0856CM,Retrofit Solutions for Rural Communities,Microcredential,Part-time,legitimate remaining import candidate,1,https://www.bcit.ca/programs/retrofit-solutions-for-rural-communities-microcredential-part-time-0856cm/,True,True,MATCH
0857CM,Automotive Collision Estimator,Microcredential,Part-time,legitimate remaining import candidate,1,https://www.bcit.ca/programs/automotive-collision-estimator-microcredential-part-time-0857cm/,True,True,MATCH
0859CM,Sexual and Reproductive Health Foundations,Microcredential,Part-time,legitimate remaining import candidate,1,https://www.bcit.ca/programs/sexual-and-reproductive-health-foundations-microcredential-part-time-0859cm/,True,True,MATCH
0860CM,Heat Pump Maintenance and Troubleshooting,Microcredential,Part-time,legitimate remaining import candidate,2,https://www.bcit.ca/programs/heat-pump-maintenance-and-troubleshooting-microcredential-part-time-0860cm/,True,True,MATCH
0861CM,Climate Changemakers Leadership Training,Microcredential,Part-time,legitimate remaining import candidate,1,https://www.bcit.ca/programs/climate-changemakers-leadership-training-microcredential-part-time-0861cm/,True,True,MATCH
0862CM,Residential Air to Air Heat Pump Specialist,Microcredential,Part-time,legitimate remaining import candidate,5,https://www.bcit.ca/programs/residential-air-to-air-heat-pump-specialist-microcredential-part-time-0862cm/,True,True,MATCH
0864CM,Marine Business Essentials,Microcredential,Part-time,already loaded,3,https://www.bcit.ca/programs/marine-business-essentials-microcredential-part-time-0864cm/,True,True,MATCH
0865CM,Introduction to Power Systems Protection Design,Microcredential,Part-time,legitimate remaining import candidate,1,https://www.bcit.ca/programs/introduction-to-power-systems-protection-design-microcredential-part-time-0865cm/,True,True,MATCH
0866CM,Distribution Design for Electrical Utilities,Microcredential,Part-time,legitimate remaining import candidate,1,https://www.bcit.ca/programs/distribution-design-for-electrical-utilities-microcredential-part-time-0866cm/,True,True,MATCH
0869CM,Occupational Health and Safety Essentials,Microcredential,Part-time,legitimate remaining import candidate,1,https://www.bcit.ca/programs/occupational-health-and-safety-essentials-microcredential-part-time-0869cm/,True,True,MATCH
0870CM,Sexual Health Rehabilitation,Microcredential,Part-time,legitimate remaining import candidate,1,https://www.bcit.ca/programs/sexual-health-rehabilitation-microcredential-part-time-0870cm/,True,True,MATCH
0872CM,Techniques for Crime & Intelligence Analysts (TCIA),Microcredential,Part-time,legitimate remaining import candidate,1,https://www.bcit.ca/programs/techniques-for-crime-and-intelligence-analysts-tcia-microcredential-part-time-0872cm/,True,True,MATCH
0873CM,Fundamentals in Polytechnic Teaching,Microcredential,Part-time,legitimate remaining import candidate,1,https://www.bcit.ca/programs/fundamentals-in-polytechnic-teaching-microcredential-part-time-0873cm/,True,True,MATCH
0874CM,"Fundamentals in Architecture, Construction, and Engineering",Microcredential,Part-time,legitimate remaining import candidate,3,https://www.bcit.ca/programs/fundamentals-in-architecture-construction-and-engineering-microcredential-part-time-0874cm/,True,True,MATCH
0875CM,Applied Additive Manufacturing,Microcredential,Part-time,legitimate remaining import candidate,1,https://www.bcit.ca/programs/applied-additive-manufacturing-microcredential-part-time-0875cm/,True,True,MATCH
0876CM,Applied Mass Timber Engineering,Microcredential,Part-time,already loaded,2,https://www.bcit.ca/programs/applied-mass-timber-engineering-microcredential-part-time-0876cm/,True,True,MATCH
100ADIPMA,Airline and Flight Operations Commercial Pilot (Fixed-Wing),Diploma,Full-time,already loaded,1,https://www.bcit.ca/programs/airline-and-flight-operations-commercial-pilot-fixed-wing-diploma-full-time-100adipma/,True,True,MATCH
100BDIPMA,Airline and Flight Operations Commercial Pilot (Rotary-Wing),Diploma,Full-time,already loaded,1,https://www.bcit.ca/programs/airline-and-flight-operations-commercial-pilot-rotary-wing-diploma-full-time-100bdipma/,True,True,MATCH
1030CERTTS,Aircraft Gas Turbine Technician,Certificate,Full-time,legitimate remaining import candidate,2,https://www.bcit.ca/programs/aircraft-gas-turbine-technician-certificate-full-time-1030certts/,True,True,MATCH
1070ACERT,Airport Operations,Associate Certificate,Part-time,already loaded,1,https://www.bcit.ca/programs/airport-operations-associate-certificate-part-time-1070acert/,True,True,MATCH
1155ACERT,Construction Drawings,Associate Certificate,Part-time,legitimate remaining import candidate,2,https://www.bcit.ca/programs/construction-drawings-associate-certificate-part-time-1155acert/,True,True,MATCH
1165DIPMA,Aircraft Maintenance Engineer Category ‘E’ (Electronics),Diploma,Full-time,already loaded,2,https://www.bcit.ca/programs/aircraft-maintenance-engineer-category-e-electronics-diploma-full-time-1165dipma/,True,True,MATCH
1175DIPMA,Aviation Management and Operations,Diploma,Full-time,already loaded,1,https://www.bcit.ca/programs/aviation-management-and-operations-diploma-full-time-1175dipma/,True,True,MATCH
1180ACERT,Trades Discovery General,Associate Certificate,Full-time,already loaded,1,https://www.bcit.ca/programs/trades-discovery-general-associate-certificate-full-time-1180acert/,True,True,MATCH
1190ACERT,Trades Discovery for Women,Associate Certificate,Full-time,already loaded,1,https://www.bcit.ca/programs/trades-discovery-for-women-associate-certificate-full-time-1190acert/,True,True,MATCH
1195IPCERT,Advanced Gas Turbine,BCIT/Industry Partnership Certificate,Full-time,already loaded,2,https://www.bcit.ca/programs/advanced-gas-turbine-bcit-industry-partnership-certificate-full-time-1195ipcert/,True,True,MATCH
1205DIPMA,Aircraft Maintenance Engineer Category 'S' (Structures),Diploma,Full-time,already loaded,2,https://www.bcit.ca/programs/aircraft-maintenance-engineer-category-s-structures-diploma-full-time-1205dipma/,True,True,MATCH
1230DIPMA,Aircraft Maintenance Engineer Category 'M' (Maintenance),Diploma,Full-time,already loaded,2,https://www.bcit.ca/programs/aircraft-maintenance-engineer-category-m-maintenance-diploma-full-time-1230dipma/,True,True,MATCH
1255CERT,Auto Body Repair and Refinishing Technician Foundation,Certificate,Full-time,already loaded,1,https://www.bcit.ca/programs/auto-body-repair-and-refinishing-technician-foundation-certificate-full-time-1255cert/,True,True,MATCH
1320ADCERT,Automated Controls Installation and Maintenance,Advanced Certificate,Part-time,already loaded,4,https://www.bcit.ca/programs/automated-controls-installation-and-maintenance-advanced-certificate-part-time-1320adcert/,True,True,MATCH
1355TTCERT,Automotive Technician Foundation,Certificate,Full-time,already loaded,1,https://www.bcit.ca/programs/automotive-technician-foundation-certificate-full-time-1355ttcert/,True,True,MATCH
1360CERT,Automotive Technician (Honda/Acura Foundation),Certificate,Full-time,legitimate remaining import candidate,1,https://www.bcit.ca/programs/automotive-technician-honda-acura-foundation-certificate-full-time-1360cert/,True,True,MATCH
1375TTCERT,Automotive Technician (Toyota Foundation),Certificate,Full-time,legitimate remaining import candidate,1,https://www.bcit.ca/programs/automotive-technician-toyota-foundation-certificate-full-time-1375ttcert/,True,True,MATCH
1430DIPMA,Automotive Service Technician and Operations,Diploma,Full-time,legitimate remaining import candidate,1,https://www.bcit.ca/programs/automotive-service-technician-and-operations-diploma-full-time-1430dipma/,True,True,MATCH
143ADIPMA,Automotive Service Technician and Operations (Ford ASSET Option),Diploma,Full-time,legitimate remaining import candidate,1,https://www.bcit.ca/programs/automotive-service-technician-and-operations-ford-asset-option-diploma-full-time-143adipma/,True,True,MATCH
143BDIPMA,Automotive Service Technician and Operations - Non-Co-op Option,Diploma,Full-time,legitimate remaining import candidate,1,https://www.bcit.ca/programs/automotive-service-technician-and-operations-non-co-op-option-diploma-full-time-143bdipma/,True,True,MATCH
1450TTCERT,Boilermaker Foundation,Certificate,Full-time,already loaded,1,https://www.bcit.ca/programs/boilermaker-foundation-certificate-full-time-1450ttcert/,True,True,MATCH
1525TTDIPL,CNC Machinist Technician,Diploma,Full-time,already loaded,1,https://www.bcit.ca/programs/cnc-machinist-technician-diploma-full-time-1525ttdipl/,True,True,MATCH
1645CERT,Carpentry Framing and Forming Foundation,Certificate,Full-time,legitimate remaining import candidate,1,https://www.bcit.ca/programs/carpentry-framing-and-forming-foundation-certificate-full-time-1645cert/,True,True,MATCH
1685ACERT,Railway Conductor and Operations,Associate Certificate,Part-time,already loaded,1,https://www.bcit.ca/programs/railway-conductor-and-operations-associate-certificate-part-time-1685acert/,True,True,MATCH
1710CERTTS,Architectural and Structural CADD and Graphics Technician (Structural Option),Certificate,Full-time,already loaded,2,https://www.bcit.ca/programs/architectural-and-structural-cadd-and-graphics-technician-structural-option-certificate-full-time-1710certts/,True,True,MATCH
1720CERTTS,Architectural and Structural CADD and Graphics Technician (Architectural Option),Certificate,Full-time,legitimate remaining import candidate,2,https://www.bcit.ca/programs/architectural-and-structural-cadd-and-graphics-technician-architectural-option-certificate-full-time-1720certts/,True,True,MATCH
1780CERT,Electrical Foundation,Certificate,Full-time,already loaded,2,https://www.bcit.ca/programs/electrical-foundation-certificate-full-time-1780cert/,True,True,MATCH
1790ACERT,Hydronic Technician,Associate Certificate,Part-time,already loaded,1,https://www.bcit.ca/programs/hydronic-technician-associate-certificate-part-time-1790acert/,True,True,MATCH
1855DIPMA,Heavy Duty Truck Technology,Diploma,Full-time,legitimate remaining import candidate,1,https://www.bcit.ca/programs/heavy-duty-truck-technology-diploma-full-time-1855dipma/,True,True,MATCH
1885ACERTS,Network Administrator Technician,Associate Certificate,Part-time,legitimate remaining import candidate,2,https://www.bcit.ca/programs/network-administrator-technician-associate-certificate-part-time-1885acerts/,True,True,MATCH
1920CERT,Marine Mechanical Technician Foundation,Certificate,Full-time,already loaded,1,https://www.bcit.ca/programs/marine-mechanical-technician-foundation-certificate-full-time-1920cert/,True,True,MATCH
1930DIPMA,Computer Information Systems Administration,Diploma,Full-time,already loaded,2,https://www.bcit.ca/programs/computer-information-systems-administration-diploma-full-time-1930dipma/,True,True,MATCH
1940CERT,Heavy Mechanical Trades Foundation,Certificate,Full-time,already loaded,1,https://www.bcit.ca/programs/heavy-mechanical-trades-foundation-certificate-full-time-1940cert/,True,True,MATCH
2000TTCERT,Ironworker Foundation,Certificate,Full-time,already loaded,1,https://www.bcit.ca/programs/ironworker-foundation-certificate-full-time-2000ttcert/,True,True,MATCH
2020CERTTS,Chief Mate,Certificate,Part-time,already loaded,1,https://www.bcit.ca/programs/chief-mate-certificate-part-time-2020certts/,True,True,MATCH
2060CERT,Cabinetmaker (Joiner) Foundation,Certificate,Full-time,already loaded,1,https://www.bcit.ca/programs/cabinetmaker-joiner-foundation-certificate-full-time-2060cert/,True,True,MATCH
2175TTCERT,Machinist Foundation,Certificate,Full-time,already loaded,1,https://www.bcit.ca/programs/machinist-foundation-certificate-full-time-2175ttcert/,True,True,MATCH
2230CERT,Millwright Foundation,Certificate,Full-time,already loaded,1,https://www.bcit.ca/programs/millwright-foundation-certificate-full-time-2230cert/,True,True,MATCH
2365CERT,Motorcycle Technician Foundation,Certificate,Full-time,already loaded,1,https://www.bcit.ca/programs/motorcycle-technician-foundation-certificate-full-time-2365cert/,True,True,MATCH
2410TTCERT,Power Engineering (General Program),Certificate,Full-time,already loaded,2,https://www.bcit.ca/programs/power-engineering-general-program-certificate-full-time-2410ttcert/,True,True,MATCH
2425CERT,Refrigeration and Air Conditioning Mechanic Foundation,Certificate,Full-time,already loaded,1,https://www.bcit.ca/programs/refrigeration-and-air-conditioning-mechanic-foundation-certificate-full-time-2425cert/,True,True,MATCH
2430DIPMA,Power and Process Engineering,Diploma,Full-time,already loaded,2,https://www.bcit.ca/programs/power-and-process-engineering-diploma-full-time-2430dipma/,True,True,MATCH
2440CERT,Piping Foundation,Certificate,Full-time,legitimate remaining import candidate,1,https://www.bcit.ca/programs/piping-foundation-certificate-full-time-2440cert/,True,True,MATCH
2505ACERTS,Master 150GT Domestic,Associate Certificate,Part-time,already loaded,1,https://www.bcit.ca/programs/master-150gt-domestic-associate-certificate-part-time-2505acerts/,True,True,MATCH
2515ACERTS,Master 500GT Domestic,Associate Certificate,Part-time,already loaded,1,https://www.bcit.ca/programs/master-500gt-domestic-associate-certificate-part-time-2515acerts/,True,True,MATCH
2522CERTTS,Master 3000GT Domestic,Certificate,Part-time,already loaded,1,https://www.bcit.ca/programs/master-3000gt-domestic-certificate-part-time-2522certts/,True,True,MATCH
2536DIPMA,Nautical Sciences,Diploma,Full-time,already loaded,2,https://www.bcit.ca/programs/nautical-sciences-diploma-full-time-2536dipma/,True,True,MATCH
2542CERTTS,Watchkeeping Mate Near Coastal (WKMNC),Certificate,Part-time,legitimate remaining import candidate,1,https://www.bcit.ca/programs/watchkeeping-mate-near-coastal-wkmnc-certificate-part-time-2542certts/,True,True,MATCH
2645CERT,Sheet Metal Worker Foundation,Certificate,Full-time,legitimate remaining import candidate,1,https://www.bcit.ca/programs/sheet-metal-worker-foundation-certificate-full-time-2645cert/,True,True,MATCH
2825CERT,Metal Fabricator Foundation,Certificate,Full-time,legitimate remaining import candidate,1,https://www.bcit.ca/programs/metal-fabricator-foundation-certificate-full-time-2825cert/,True,True,MATCH
2847CERT,Welder Foundation,Certificate,Full-time,legitimate remaining import candidate,1,https://www.bcit.ca/programs/welder-foundation-certificate-full-time-2847cert/,True,True,MATCH
2860TTCERT,"Welding, Level B",Certificate,Full-time,legitimate remaining import candidate,1,https://www.bcit.ca/programs/welding-level-b-certificate-full-time-2860ttcert/,True,True,MATCH
2870TTCERT,"Welding, Level A",Certificate,Full-time,legitimate remaining import candidate,1,https://www.bcit.ca/programs/welding-level-a-certificate-full-time-2870ttcert/,True,True,MATCH
2885ADVDIP,Marine Engineering,Advanced Diploma,Full-time,already loaded,1,https://www.bcit.ca/programs/marine-engineering-advanced-diploma-full-time-2885advdip/,True,True,MATCH
2915CERT,Security Systems Technician,Certificate,Full-time,legitimate remaining import candidate,2,https://www.bcit.ca/programs/security-systems-technician-certificate-full-time-2915cert/,True,True,MATCH
2933ACERT,Bridge Watch Rating,Associate Certificate,Full-time,already loaded,1,https://www.bcit.ca/programs/bridge-watch-rating-associate-certificate-full-time-2933acert/,True,True,MATCH
2942DIPMA,Marine Engineering,Diploma,Full-time,already loaded,3,https://www.bcit.ca/programs/marine-engineering-diploma-full-time-2942dipma/,True,True,MATCH
2945DIPMA,Industrial Instrumentation and Process Control Technician,Diploma,Full-time,already loaded,2,https://www.bcit.ca/programs/industrial-instrumentation-and-process-control-technician-diploma-full-time-2945dipma/,True,True,MATCH
2958CERT,"Heating, Ventilation, Air Conditioning and Refrigeration Technician",Certificate,Full-time,already loaded,1,https://www.bcit.ca/programs/heating-ventilation-air-conditioning-and-refrigeration-technician-certificate-full-time-2958cert/,True,True,MATCH
2992DIPMA,"Heating, Ventilation, Air Conditioning and Refrigeration Technician",Diploma,Full-time,already loaded,1,https://www.bcit.ca/programs/heating-ventilation-air-conditioning-and-refrigeration-technician-diploma-full-time-2992dipma/,True,True,MATCH
3015APPR,Ironworker - Reinforcing,Apprenticeship,Full-time,apprenticeship/training structure without identifiable course IDs,1,https://www.bcit.ca/programs/ironworker-reinforcing-apprenticeship-full-time-3015appr/,False,False,OUT_OF_SCOPE
3060APPR,Aircraft Structural Technician,Apprenticeship,Full-time,apprenticeship/training structure without identifiable course IDs,1,https://www.bcit.ca/programs/aircraft-structural-technician-apprenticeship-full-time-3060appr/,False,False,OUT_OF_SCOPE
3120APPR,Automotive Collision and Refinishing Common Core,Apprenticeship,Full-time,apprenticeship/training structure without identifiable course IDs,1,https://www.bcit.ca/programs/automotive-collision-and-refinishing-common-core-apprenticeship-full-time-3120appr/,False,False,OUT_OF_SCOPE
3130APPR,Auto Body and Collision Technician,Apprenticeship,Full-time,apprenticeship/training structure without identifiable course IDs,1,https://www.bcit.ca/programs/auto-body-and-collision-technician-apprenticeship-full-time-3130appr/,False,False,OUT_OF_SCOPE
3140APPR,Automotive Refinishing Technician,Apprenticeship,Full-time,apprenticeship/training structure without identifiable course IDs,1,https://www.bcit.ca/programs/automotive-refinishing-technician-apprenticeship-full-time-3140appr/,False,False,OUT_OF_SCOPE
3150APPR,Boilermaker,Apprenticeship,Full-time,apprenticeship/training structure without identifiable course IDs,1,https://www.bcit.ca/programs/boilermaker-apprenticeship-full-time-3150appr/,False,False,OUT_OF_SCOPE
3230APPR,Carpentry,Apprenticeship,Full-time,apprenticeship/training structure without identifiable course IDs,1,https://www.bcit.ca/programs/carpentry-apprenticeship-full-time-3230appr/,False,False,OUT_OF_SCOPE
3320APPR,Gasfitter - Class B,Apprenticeship,Full-time,apprenticeship/training structure without identifiable course IDs,1,https://www.bcit.ca/programs/gasfitter-class-b-apprenticeship-full-time-3320appr/,False,False,OUT_OF_SCOPE
3330APPR,Gasfitter - Class A,Apprenticeship,Full-time,apprenticeship/training structure without identifiable course IDs,1,https://www.bcit.ca/programs/gasfitter-class-a-apprenticeship-full-time-3330appr/,False,False,OUT_OF_SCOPE
3440APPR,Electrical,Apprenticeship,Full-time,apprenticeship/training structure without identifiable course IDs,2,https://www.bcit.ca/programs/electrical-apprenticeship-full-time-3440appr/,False,False,OUT_OF_SCOPE
3660APPR,Transport Trailer Technician,Apprenticeship,Full-time,apprenticeship/training structure without identifiable course IDs,1,https://www.bcit.ca/programs/transport-trailer-technician-apprenticeship-full-time-3660appr/,False,False,OUT_OF_SCOPE
3765APPR,Instrumentation and Control Technician,Apprenticeship,Full-time,apprenticeship/training structure without identifiable course IDs,1,https://www.bcit.ca/programs/instrumentation-and-control-technician-apprenticeship-full-time-3765appr/,False,False,OUT_OF_SCOPE
3790APPR,Industrial Electrician,Apprenticeship,Full-time,prior RED/holdback,2,https://www.bcit.ca/programs/industrial-electrician-apprenticeship-full-time-3790appr/,False,False,OUT_OF_SCOPE
3860APPR,Ironworker Generalist,Apprenticeship,Full-time,apprenticeship/training structure without identifiable course IDs,1,https://www.bcit.ca/programs/ironworker-generalist-apprenticeship-full-time-3860appr/,False,False,OUT_OF_SCOPE
3940APPR,Machinist,Apprenticeship,Full-time,apprenticeship/training structure without identifiable course IDs,1,https://www.bcit.ca/programs/machinist-apprenticeship-full-time-3940appr/,False,False,OUT_OF_SCOPE
4015APPR,Millwright,Apprenticeship,Full-time,apprenticeship/training structure without identifiable course IDs,1,https://www.bcit.ca/programs/millwright-apprenticeship-full-time-4015appr/,False,False,OUT_OF_SCOPE
4025APPR,Motorcycle Technician,Apprenticeship,Full-time,apprenticeship/training structure without identifiable course IDs,1,https://www.bcit.ca/programs/motorcycle-technician-apprenticeship-full-time-4025appr/,False,False,OUT_OF_SCOPE
4030APPR,Marine Fitter,Apprenticeship,Full-time,apprenticeship/training structure without identifiable course IDs,1,https://www.bcit.ca/programs/marine-fitter-apprenticeship-full-time-4030appr/,False,False,OUT_OF_SCOPE
4045APPR,Truck and Transport Mechanic,Apprenticeship,Full-time,apprenticeship/training structure without identifiable course IDs,1,https://www.bcit.ca/programs/truck-and-transport-mechanic-apprenticeship-full-time-4045appr/,False,False,OUT_OF_SCOPE
4160APPR,Plumber,Apprenticeship,Full-time,apprenticeship/training structure without identifiable course IDs,1,https://www.bcit.ca/programs/plumber-apprenticeship-full-time-4160appr/,False,False,OUT_OF_SCOPE
4230APPR,Refrigeration,Apprenticeship,Full-time,apprenticeship/training structure without identifiable course IDs,1,https://www.bcit.ca/programs/refrigeration-apprenticeship-full-time-4230appr/,False,False,OUT_OF_SCOPE
4365APPR,Sheet Metal,Apprenticeship,Full-time,apprenticeship/training structure without identifiable course IDs,1,https://www.bcit.ca/programs/sheet-metal-apprenticeship-full-time-4365appr/,False,False,OUT_OF_SCOPE
4420APPR,Steamfitter/Pipefitter,Apprenticeship,Full-time,apprenticeship/training structure without identifiable course IDs,1,https://www.bcit.ca/programs/steamfitter-pipefitter-apprenticeship-full-time-4420appr/,False,False,OUT_OF_SCOPE
4430APPR,Metal Fabricator,Apprenticeship,Full-time,apprenticeship/training structure without identifiable course IDs,1,https://www.bcit.ca/programs/metal-fabricator-apprenticeship-full-time-4430appr/,False,False,OUT_OF_SCOPE
4530APPR,Heavy Duty Equipment Technician,Apprenticeship,Full-time,apprenticeship/training structure without identifiable course IDs,1,https://www.bcit.ca/programs/heavy-duty-equipment-technician-apprenticeship-full-time-4530appr/,False,False,OUT_OF_SCOPE
4610APPR,Heavy Mechanical Trades Apprenticeship,Apprenticeship,Full-time,apprenticeship/training structure without identifiable course IDs,1,https://www.bcit.ca/programs/heavy-mechanical-trades-apprenticeship-apprenticeship-full-time-4610appr/,False,False,OUT_OF_SCOPE
4630APPR,Marine Mechanical Technician,Apprenticeship,Full-time,apprenticeship/training structure without identifiable course IDs,1,https://www.bcit.ca/programs/marine-mechanical-technician-apprenticeship-full-time-4630appr/,False,False,OUT_OF_SCOPE
4790APPR,Welder,Apprenticeship,Full-time,apprenticeship/training structure without identifiable course IDs,1,https://www.bcit.ca/programs/welder-apprenticeship-full-time-4790appr/,False,False,OUT_OF_SCOPE
4840APPR,Automotive Technician GM (ASEP),Apprenticeship,Full-time,apprenticeship/training structure without identifiable course IDs,1,https://www.bcit.ca/programs/automotive-technician-gm-asep-apprenticeship-full-time-4840appr/,False,False,OUT_OF_SCOPE
4860APPR,Automotive Technician,Apprenticeship,Full-time,apprenticeship/training structure without identifiable course IDs,1,https://www.bcit.ca/programs/automotive-technician-apprenticeship-full-time-4860appr/,False,False,OUT_OF_SCOPE
4870APPR,Cabinetmaker (Joiner),Apprenticeship,Full-time,apprenticeship/training structure without identifiable course IDs,1,https://www.bcit.ca/programs/cabinetmaker-joiner-apprenticeship-full-time-4870appr/,False,False,OUT_OF_SCOPE
5020NOBCIT,Maintenance Management Professional,Statement of Completion,Part-time,non-program/special entry,1,https://www.bcit.ca/programs/maintenance-management-professional-statement-of-completion-part-time-5020nobcit/,False,False,OUT_OF_SCOPE
5025NOBCIT,Non-Destructive Testing,Statement of Completion,Part-time,non-program/special entry,1,https://www.bcit.ca/programs/non-destructive-testing-statement-of-completion-part-time-5025nobcit/,False,False,OUT_OF_SCOPE
5063DIPMA,Biomedical Engineering Technology,Diploma,Full-time,already loaded,3,https://www.bcit.ca/programs/biomedical-engineering-technology-diploma-full-time-5063dipma/,True,True,MATCH
5077CERT,Event Marketing and Management Strategy,Certificate,Part-time,legitimate remaining import candidate,1,https://www.bcit.ca/programs/event-marketing-and-management-strategy-certificate-part-time-5077cert/,True,True,MATCH
5085ACERT,Project Management,Associate Certificate,Part-time,legitimate remaining import candidate,1,https://www.bcit.ca/programs/project-management-associate-certificate-part-time-5085acert/,True,True,MATCH
5105DIPMA,Digital Communications and Wireless Technologies,Diploma,Full-time,already loaded,2,https://www.bcit.ca/programs/digital-communications-and-wireless-technologies-diploma-full-time-5105dipma/,True,True,MATCH
5115ACERT,Music Business,Associate Certificate,Part-time,already loaded,1,https://www.bcit.ca/programs/music-business-associate-certificate-part-time-5115acert/,True,True,MATCH
5125ACERT,Business of Sawmilling,Associate Certificate,Part-time,already loaded,2,https://www.bcit.ca/programs/business-of-sawmilling-associate-certificate-part-time-5125acert/,True,True,MATCH
5140ACERT,Business Administration,Associate Certificate,Part-time,already loaded,1,https://www.bcit.ca/programs/business-administration-associate-certificate-part-time-5140acert/,True,True,MATCH
5145ADCERT,Sustainable Business,Advanced Certificate,Part-time,already loaded,3,https://www.bcit.ca/programs/sustainable-business-advanced-certificate-part-time-5145adcert/,True,True,MATCH
5155DIPMA,"Food Processing, Safety, and Quality",Diploma,Full-time,already loaded,2,https://www.bcit.ca/programs/food-processing-safety-and-quality-diploma-full-time-5155dipma/,True,True,MATCH
515GACERT,Building Construction Technology,Associate Certificate,Part-time,already loaded,1,https://www.bcit.ca/programs/building-construction-technology-associate-certificate-part-time-515gacert/,True,True,MATCH
515HACERT,Building Design and Architectural CAD,Associate Certificate,Part-time,legitimate remaining import candidate,1,https://www.bcit.ca/programs/building-design-and-architectural-cad-associate-certificate-part-time-515hacert/,True,True,MATCH
5160ACERT,Industrial Wood Processing,Associate Certificate,Part-time,legitimate remaining import candidate,1,https://www.bcit.ca/programs/industrial-wood-processing-associate-certificate-part-time-5160acert/,True,True,MATCH
5165ADCERT,Digital Health,Advanced Certificate,Part-time,already loaded,2,https://www.bcit.ca/programs/digital-health-advanced-certificate-part-time-5165adcert/,True,True,MATCH
5170ACERT,Healthcare Unit Clerk,Associate Certificate,Part-time,already loaded,2,https://www.bcit.ca/programs/healthcare-unit-clerk-associate-certificate-part-time-5170acert/,True,True,MATCH
5175ACERT,Polytechnic Teaching,Associate Certificate,Part-time,legitimate remaining import candidate,1,https://www.bcit.ca/programs/polytechnic-teaching-associate-certificate-part-time-5175acert/,True,True,MATCH
5180ADVDIP,Sustainable Business Leadership,Advanced Diploma,Full-time,already loaded,2,https://www.bcit.ca/programs/sustainable-business-leadership-advanced-diploma-full-time-5180advdip/,True,True,MATCH
5180PADVDIP,Sustainable Business Leadership,Advanced Diploma,Part-time,already loaded,2,https://www.bcit.ca/programs/sustainable-business-leadership-advanced-diploma-part-time-5180padvdip/,True,True,MATCH
5205ACERT,Business Analysis,Associate Certificate,Part-time,already loaded,1,https://www.bcit.ca/programs/business-analysis-associate-certificate-part-time-5205acert/,True,True,MATCH
5225ACERT,Construction of Mass Timber Structures,Associate Certificate,Part-time,already loaded,2,https://www.bcit.ca/programs/construction-of-mass-timber-structures-associate-certificate-part-time-5225acert/,True,True,MATCH
5235ADCERT,Building Energy Modelling and Performance Analysis,Advanced Certificate,Part-time,already loaded,1,https://www.bcit.ca/programs/building-energy-modelling-and-performance-analysis-advanced-certificate-part-time-5235adcert/,True,True,MATCH
5240ADVDIP,Technical Arts,Advanced Diploma,Full-time,already loaded,1,https://www.bcit.ca/programs/technical-arts-advanced-diploma-full-time-5240advdip/,True,True,MATCH
5245ACERT,Artificial Intelligence Management,Associate Certificate,Part-time,already loaded,1,https://www.bcit.ca/programs/artificial-intelligence-management-associate-certificate-part-time-5245acert/,True,True,MATCH
5265DIPMA,Industrial Network Cybersecurity,Diploma,Full-time,already loaded,3,https://www.bcit.ca/programs/industrial-network-cybersecurity-diploma-full-time-5265dipma/,True,True,MATCH
5275ACERT,Business Intelligence,Associate Certificate,Part-time,legitimate remaining import candidate,1,https://www.bcit.ca/programs/business-intelligence-associate-certificate-part-time-5275acert/,True,True,MATCH
528AADCERT,Forensic Investigation (Crime and Intelligence Analysis Option),Advanced Certificate,Part-time,already loaded,2,https://www.bcit.ca/programs/forensic-investigation-crime-and-intelligence-analysis-option-advanced-certificate-part-time-528aadcert/,True,True,MATCH
528BADCERT,Forensic Investigation (Forensic Science Option),Advanced Certificate,Part-time,already loaded,1,https://www.bcit.ca/programs/forensic-investigation-forensic-science-option-advanced-certificate-part-time-528badcert/,True,True,MATCH
528CADCERT,Forensic Investigation (Digital Forensics and Cybersecurity Option),Advanced Certificate,Part-time,already loaded,3,https://www.bcit.ca/programs/forensic-investigation-digital-forensics-and-cybersecurity-option-advanced-certificate-part-time-528cadcert/,True,True,MATCH
5290ADVDIP,Professional Accounting,Advanced Diploma,Full-time/Part-time,already loaded,1,https://www.bcit.ca/programs/professional-accounting-advanced-diploma-full-time-part-time-5290advdip/,True,True,MATCH
5295ACERT,Business Data Management,Associate Certificate,Part-time,already loaded,1,https://www.bcit.ca/programs/business-data-management-associate-certificate-part-time-5295acert/,True,True,MATCH
530ADIPLT,Cardiology Technology,Diploma,Part-time,legitimate remaining import candidate,1,https://www.bcit.ca/programs/cardiology-technology-diploma-part-time-530adiplt/,True,True,MATCH
5310ADCERT,Cardiac Sciences (Cardiovascular Technology Option),Advanced Certificate,Part-time,already loaded,1,https://www.bcit.ca/programs/cardiac-sciences-cardiovascular-technology-option-advanced-certificate-part-time-5310adcert/,True,True,MATCH
5312ADVDIP,Business Management - Advanced Diploma,Advanced Diploma,Full-time/Part-time,already loaded,1,https://www.bcit.ca/programs/business-management-advanced-diploma-advanced-diploma-full-time-part-time-5312advdip/,True,True,MATCH
5320ADCERT,Cardiac Sciences (Electrophysiology Technology Option),Advanced Certificate,Part-time,already loaded,1,https://www.bcit.ca/programs/cardiac-sciences-electrophysiology-technology-option-advanced-certificate-part-time-5320adcert/,True,True,MATCH
5330ADCERT,Cardiac Sciences (Cardiac Rhythm Device Technology Option),Advanced Certificate,Part-time,already loaded,1,https://www.bcit.ca/programs/cardiac-sciences-cardiac-rhythm-device-technology-option-advanced-certificate-part-time-5330adcert/,True,True,MATCH
534ADIPMA,Electrical and Computer Engineering Technology (Automation and Instrumentation Option),Diploma,Full-time,already loaded,1,https://www.bcit.ca/programs/electrical-and-computer-engineering-technology-automation-and-instrumentation-option-diploma-full-time-534adipma/,True,True,MATCH
534BDIPMA,Electrical and Computer Engineering Technology (Electrical Power and Industrial Control Option),Diploma,Full-time,already loaded,1,https://www.bcit.ca/programs/electrical-and-computer-engineering-technology-electrical-power-and-industrial-control-option-diploma-full-time-534bdipma/,True,True,MATCH
534CDIPMA,Electrical and Computer Engineering Technology (Telecommunications and Networks Option),Diploma,Full-time,already loaded,2,https://www.bcit.ca/programs/electrical-and-computer-engineering-technology-telecommunications-and-networks-option-diploma-full-time-534cdipma/,True,True,MATCH
5360NOBCIT,Assayer Training,Statement of Completion,Part-time,non-program/special entry,2,https://www.bcit.ca/programs/assayer-training-statement-of-completion-part-time-5360nobcit/,False,False,OUT_OF_SCOPE
5365ACERT,Digital Media Foundations,Associate Certificate,Part-time,already loaded,1,https://www.bcit.ca/programs/digital-media-foundations-associate-certificate-part-time-5365acert/,True,True,MATCH
5375DIPMA,Chemical and Environmental Engineering Technology,Diploma,Full-time,already loaded,2,https://www.bcit.ca/programs/chemical-and-environmental-engineering-technology-diploma-full-time-5375dipma/,True,True,MATCH
5410DIPLT,Civil Engineering,Diploma,Full-time,already loaded,1,https://www.bcit.ca/programs/civil-engineering-diploma-full-time-5410diplt/,True,True,MATCH
5430ACERT,Civil Technology,Associate Certificate,Part-time,already loaded,1,https://www.bcit.ca/programs/civil-technology-associate-certificate-part-time-5430acert/,True,True,MATCH
5430CERT,Civil Technology,Certificate,Part-time,legitimate remaining import candidate,1,https://www.bcit.ca/programs/civil-technology-certificate-part-time-5430cert/,True,True,MATCH
5440ADCERT,Geographic Information Systems,Advanced Certificate,Part-time,already loaded,3,https://www.bcit.ca/programs/geographic-information-systems-advanced-certificate-part-time-5440adcert/,True,True,MATCH
5460NOBCIT,Cisco Certified Network Associate,Statement of Completion,Part-time,non-program/special entry,2,https://www.bcit.ca/programs/cisco-certified-network-associate-statement-of-completion-part-time-5460nobcit/,False,False,OUT_OF_SCOPE
5470NOBCIT,Cisco Certified Network Professional,Statement of Completion,Part-time,non-program/special entry,2,https://www.bcit.ca/programs/cisco-certified-network-professional-statement-of-completion-part-time-5470nobcit/,False,False,OUT_OF_SCOPE
5500CERT,Computer Systems,Certificate,Part-time,already loaded,1,https://www.bcit.ca/programs/computer-systems-certificate-part-time-5500cert/,True,True,MATCH
5500DIPMA,Computer Systems Technology,Diploma,Full-time,already loaded,2,https://www.bcit.ca/programs/computer-systems-technology-diploma-full-time-5500dipma/,True,True,MATCH
5500PDIPLT,Computer Systems,Diploma,Part-time,already loaded,1,https://www.bcit.ca/programs/computer-systems-diploma-part-time-5500pdiplt/,True,True,MATCH
5512CERT,Applied Data Analytics,Certificate,Part-time,already loaded,6,https://www.bcit.ca/programs/applied-data-analytics-certificate-part-time-5512cert/,True,True,MATCH
5515ACERT,Applied Network Administration and Design,Associate Certificate,Part-time,already loaded,1,https://www.bcit.ca/programs/applied-network-administration-and-design-associate-certificate-part-time-5515acert/,True,True,MATCH
5530ACERT,Agile Development,Associate Certificate,Part-time,already loaded,3,https://www.bcit.ca/programs/agile-development-associate-certificate-part-time-5530acert/,True,True,MATCH
5540DIPMA,Computer Information Technology,Diploma,Full-time,already loaded,2,https://www.bcit.ca/programs/computer-information-technology-diploma-full-time-5540dipma/,True,True,MATCH
5570ACERT,Computer Aided Design (CAD) Technology,Associate Certificate,Part-time,already loaded,2,https://www.bcit.ca/programs/computer-aided-design-cad-technology-associate-certificate-part-time-5570acert/,True,True,MATCH
5670ADVDIP,Clinical Genetics Technology,Advanced Diploma,Full-time,already loaded,1,https://www.bcit.ca/programs/clinical-genetics-technology-advanced-diploma-full-time-5670advdip/,True,True,MATCH
5725ACERT,Computerized Accounting,Associate Certificate,Part-time,legitimate remaining import candidate,1,https://www.bcit.ca/programs/computerized-accounting-associate-certificate-part-time-5725acert/,True,True,MATCH
5755ACERT,Occupational Health and Safety Practitioners,Associate Certificate,Part-time,already loaded,1,https://www.bcit.ca/programs/occupational-health-and-safety-practitioners-associate-certificate-part-time-5755acert/,True,True,MATCH
576ADIPMA,Diagnostic Medical Sonography (General Sonography Option),Diploma,Full-time,already loaded,1,https://www.bcit.ca/programs/diagnostic-medical-sonography-general-sonography-option-diploma-full-time-576adipma/,True,True,MATCH
576BDIPMA,Diagnostic Medical Sonography (Cardiac Sonography Option),Diploma,Full-time,already loaded,1,https://www.bcit.ca/programs/diagnostic-medical-sonography-cardiac-sonography-option-diploma-full-time-576bdipma/,True,True,MATCH
576CDIPMA,Diagnostic Medical Sonography (General and Cardiac Sonography Option),Diploma,Full-time,legitimate remaining import candidate,1,https://www.bcit.ca/programs/diagnostic-medical-sonography-general-and-cardiac-sonography-option-diploma-full-time-576cdipma/,True,True,MATCH
5810DIPMA,Electroneurophysiology,Diploma,Full-time,already loaded,1,https://www.bcit.ca/programs/electroneurophysiology-diploma-full-time-5810dipma/,True,True,MATCH
585CMCERT,Financial Management (Finance Option),Certificate,Part-time,legitimate remaining import candidate,1,https://www.bcit.ca/programs/financial-management-finance-option-certificate-part-time-585cmcert/,True,True,MATCH
585FMCERT,Financial Management (Professional Accounting Option),Certificate,Part-time,legitimate remaining import candidate,1,https://www.bcit.ca/programs/financial-management-professional-accounting-option-certificate-part-time-585fmcert/,True,True,MATCH
585IACERT,Financial Management (Financial Planning),Associate Certificate,Part-time,already loaded,1,https://www.bcit.ca/programs/financial-management-financial-planning-associate-certificate-part-time-585iacert/,True,True,MATCH
5880DIPLT,General Insurance and Risk Management,Diploma,Full-time,legitimate remaining import candidate,1,https://www.bcit.ca/programs/general-insurance-and-risk-management-diploma-full-time-5880diplt/,True,True,MATCH
5985ACERT,User Interface (UI) and User Experience (UX) Design,Associate Certificate,Part-time,legitimate remaining import candidate,3,https://www.bcit.ca/programs/user-interface-ui-and-user-experience-ux-design-associate-certificate-part-time-5985acert/,True,True,MATCH
6005ACERT,Payroll and Human Resources,Associate Certificate,Part-time,already loaded,2,https://www.bcit.ca/programs/payroll-and-human-resources-associate-certificate-part-time-6005acert/,True,True,MATCH
6008CERT,Payroll Administration,Certificate,Part-time,legitimate remaining import candidate,2,https://www.bcit.ca/programs/payroll-administration-certificate-part-time-6008cert/,True,True,MATCH
6030CERT,Architectural and Building Technology,Certificate,Part-time,legitimate remaining import candidate,1,https://www.bcit.ca/programs/architectural-and-building-technology-certificate-part-time-6030cert/,True,True,MATCH
6035DIPMA,Accounting,Diploma,Full-time,already loaded,1,https://www.bcit.ca/programs/accounting-diploma-full-time-6035dipma/,True,True,MATCH
6035PDIPMA,Accounting,Diploma,Part-time,legitimate remaining import candidate,1,https://www.bcit.ca/programs/accounting-diploma-part-time-6035pdipma/,True,True,MATCH
6040ACERT,Fundamentals of Water and Wastewater Operations,Associate Certificate,Part-time,legitimate remaining import candidate,2,https://www.bcit.ca/programs/fundamentals-of-water-and-wastewater-operations-associate-certificate-part-time-6040acert/,True,True,MATCH
6045DIPMA,Finance,Diploma,Full-time,legitimate remaining import candidate,1,https://www.bcit.ca/programs/finance-diploma-full-time-6045dipma/,True,True,MATCH
6045PDIPMA,Finance,Diploma,Part-time,already loaded,1,https://www.bcit.ca/programs/finance-diploma-part-time-6045pdipma/,True,True,MATCH
6055DIPMA,Financial Planning,Diploma,Full-time,legitimate remaining import candidate,1,https://www.bcit.ca/programs/financial-planning-diploma-full-time-6055dipma/,True,True,MATCH
6055PDIPMA,Financial Planning,Diploma,Part-time,legitimate remaining import candidate,1,https://www.bcit.ca/programs/financial-planning-diploma-part-time-6055pdipma/,True,True,MATCH
605DDIPMA,Technology Teacher Education,Diploma,Full-time,already loaded,2,https://www.bcit.ca/programs/technology-teacher-education-diploma-full-time-605ddipma/,True,True,MATCH
6090CERT,"Essential Technical Skills for Architecture, Construction, and Engineering",Certificate,Part-time,legitimate remaining import candidate,3,https://www.bcit.ca/programs/essential-technical-skills-for-architecture-construction-and-engineering-certificate-part-time-6090cert/,True,True,MATCH
6110DIPMA,Radio Arts and Entertainment,Diploma,Full-time,legitimate remaining import candidate,1,https://www.bcit.ca/programs/radio-arts-and-entertainment-diploma-full-time-6110dipma/,True,True,MATCH
6115ACERT,Broadcast and Digital Journalism,Associate Certificate,Part-time,already loaded,1,https://www.bcit.ca/programs/broadcast-and-digital-journalism-associate-certificate-part-time-6115acert/,True,True,MATCH
6120ACERT,Video Production and Editing,Associate Certificate,Part-time,already loaded,1,https://www.bcit.ca/programs/video-production-and-editing-associate-certificate-part-time-6120acert/,True,True,MATCH
6125ACERT,Radio Arts and Entertainment,Associate Certificate,Part-time,already loaded,1,https://www.bcit.ca/programs/radio-arts-and-entertainment-associate-certificate-part-time-6125acert/,True,True,MATCH
6130DIPMA,Television & Video Production,Diploma,Full-time,already loaded,1,https://www.bcit.ca/programs/television-and-video-production-diploma-full-time-6130dipma/,True,True,MATCH
6135DIPMA,Broadcast and Online Journalism,Diploma,Full-time,already loaded,1,https://www.bcit.ca/programs/broadcast-and-online-journalism-diploma-full-time-6135dipma/,True,True,MATCH
6140DIPMA,Residential Interiors,Diploma,Part-time,already loaded,1,https://www.bcit.ca/programs/residential-interiors-diploma-part-time-6140dipma/,True,True,MATCH
6185ADCERT,Renewable Energy Electrical Systems Installation & Maintenance,Advanced Certificate,Part-time,legitimate remaining import candidate,2,https://www.bcit.ca/programs/renewable-energy-electrical-systems-installation-and-maintenance-advanced-certificate-part-time-6185adcert/,True,True,MATCH
6195CERT,Interior Design Fundamentals,Certificate,Full-time/Part-time,legitimate remaining import candidate,2,https://www.bcit.ca/programs/interior-design-fundamentals-certificate-full-time-part-time-6195cert/,True,True,MATCH
6220FDIPMA,Interior Design,Diploma,Full-time,already loaded,2,https://www.bcit.ca/programs/interior-design-diploma-full-time-6220fdipma/,True,True,MATCH
6220PDIPMA,Interior Design,Diploma,Part-time,legitimate remaining import candidate,2,https://www.bcit.ca/programs/interior-design-diploma-part-time-6220pdipma/,True,True,MATCH
6225ACERT,Global Business Studies,Associate Certificate,Part-time,legitimate remaining import candidate,1,https://www.bcit.ca/programs/global-business-studies-associate-certificate-part-time-6225acert/,True,True,MATCH
6235DIPMA,Business Information Technology Management,Diploma,Full-time,already loaded,3,https://www.bcit.ca/programs/business-information-technology-management-diploma-full-time-6235dipma/,True,True,MATCH
623ADIPMA,Business Information Technology Management (Artificial Intelligence Management Option),Diploma,Full-time,legitimate remaining import candidate,3,https://www.bcit.ca/programs/business-information-technology-management-artificial-intelligence-management-option-diploma-full-time-623adipma/,True,True,MATCH
623BDIPMA,Business Information Technology Management (Enterprise Systems Management Option),Diploma,Full-time,legitimate remaining import candidate,3,https://www.bcit.ca/programs/business-information-technology-management-enterprise-systems-management-option-diploma-full-time-623bdipma/,True,True,MATCH
623CDIPMA,Business Information Technology Management (Analytics Data Management Option),Diploma,Full-time,legitimate remaining import candidate,3,https://www.bcit.ca/programs/business-information-technology-management-analytics-data-management-option-diploma-full-time-623cdipma/,True,True,MATCH
6245DIPLT,Business Management,Diploma,Full-time,legitimate remaining import candidate,1,https://www.bcit.ca/programs/business-management-diploma-full-time-6245diplt/,True,True,MATCH
6245MCERT,Business Management,Certificate,Part-time,legitimate remaining import candidate,1,https://www.bcit.ca/programs/business-management-certificate-part-time-6245mcert/,True,True,MATCH
6247DIPMA,Graphic Communications,Diploma,Full-time,legitimate remaining import candidate,2,https://www.bcit.ca/programs/graphic-communications-diploma-full-time-6247dipma/,True,True,MATCH
625AMCERT,Human Resource Management,Certificate,Part-time,legitimate remaining import candidate,1,https://www.bcit.ca/programs/human-resource-management-certificate-part-time-625amcert/,True,True,MATCH
6265ACERT,Lean Six Sigma Principles,Associate Certificate,Part-time,already loaded,1,https://www.bcit.ca/programs/lean-six-sigma-principles-associate-certificate-part-time-6265acert/,True,True,MATCH
6285CERT,Fire Service Industry Leadership,Certificate,Part-time,legitimate remaining import candidate,1,https://www.bcit.ca/programs/fire-service-industry-leadership-certificate-part-time-6285cert/,True,True,MATCH
6290DIPMA,Strategic Human Resources Management,Diploma,Full-time,legitimate remaining import candidate,1,https://www.bcit.ca/programs/strategic-human-resources-management-diploma-full-time-6290dipma/,True,True,MATCH
6300MCERT,Marketing Management,Certificate,Part-time,legitimate remaining import candidate,1,https://www.bcit.ca/programs/marketing-management-certificate-part-time-6300mcert/,True,True,MATCH
630DACERT,Marketing Management - Marketing Communications,Associate Certificate,Part-time,already loaded,1,https://www.bcit.ca/programs/marketing-management-marketing-communications-associate-certificate-part-time-630dacert/,True,True,MATCH
630DMCERT,Marketing Management (Marketing Communications Option),Certificate,Part-time,legitimate remaining import candidate,1,https://www.bcit.ca/programs/marketing-management-marketing-communications-option-certificate-part-time-630dmcert/,True,True,MATCH
630HACERT,Marketing Management - Entrepreneurship,Associate Certificate,Part-time,legitimate remaining import candidate,1,https://www.bcit.ca/programs/marketing-management-entrepreneurship-associate-certificate-part-time-630hacert/,True,True,MATCH
630MACERT,Marketing Management - Sales Skills,Associate Certificate,Part-time,legitimate remaining import candidate,1,https://www.bcit.ca/programs/marketing-management-sales-skills-associate-certificate-part-time-630macert/,True,True,MATCH
630PMCERT,Media Techniques and Marketing Communications,Certificate,Part-time,legitimate remaining import candidate,1,https://www.bcit.ca/programs/media-techniques-and-marketing-communications-certificate-part-time-630pmcert/,True,True,MATCH
630VMCERT,Marketing Management (Professional Sales Option),Certificate,Part-time,legitimate remaining import candidate,1,https://www.bcit.ca/programs/marketing-management-professional-sales-option-certificate-part-time-630vmcert/,True,True,MATCH
630WACERT,Marketing Management - Customer Relationship Marketing,Associate Certificate,Part-time,legitimate remaining import candidate,1,https://www.bcit.ca/programs/marketing-management-customer-relationship-marketing-associate-certificate-part-time-630wacert/,True,True,MATCH
630XACERT,Marketing Management - Public Relations,Associate Certificate,Part-time,legitimate remaining import candidate,1,https://www.bcit.ca/programs/marketing-management-public-relations-associate-certificate-part-time-630xacert/,True,True,MATCH
6310ACERT,Nonprofit Management,Associate Certificate,Part-time,already loaded,1,https://www.bcit.ca/programs/nonprofit-management-associate-certificate-part-time-6310acert/,True,True,MATCH
6315ACERT,Event Marketing and Planning Foundations,Associate Certificate,Part-time,already loaded,1,https://www.bcit.ca/programs/event-marketing-and-planning-foundations-associate-certificate-part-time-6315acert/,True,True,MATCH
635CDIPLT,Mechanical Engineering Technology (Mechanical Systems Option),Diploma,Full-time,already loaded,1,https://www.bcit.ca/programs/mechanical-engineering-technology-mechanical-systems-option-diploma-full-time-635cdiplt/,True,True,MATCH
635DDIPLT,Mechanical Engineering Technology (Mechanical Design Option),Diploma,Full-time,already loaded,1,https://www.bcit.ca/programs/mechanical-engineering-technology-mechanical-design-option-diploma-full-time-635ddiplt/,True,True,MATCH
635EDIPLT,Mechanical Engineering Technology (Mechanical Manufacturing Option),Diploma,Full-time,already loaded,1,https://www.bcit.ca/programs/mechanical-engineering-technology-mechanical-manufacturing-option-diploma-full-time-635ediplt/,True,True,MATCH
6365ACERT,Food Safety,Associate Certificate,Part-time,legitimate remaining import candidate,2,https://www.bcit.ca/programs/food-safety-associate-certificate-part-time-6365acert/,True,True,MATCH
6375ACERT,Digital Marketing Foundations,Associate Certificate,Part-time,legitimate remaining import candidate,1,https://www.bcit.ca/programs/digital-marketing-foundations-associate-certificate-part-time-6375acert/,True,True,MATCH
6385ACERT,Digital Marketing Strategy,Associate Certificate,Part-time,already loaded,1,https://www.bcit.ca/programs/digital-marketing-strategy-associate-certificate-part-time-6385acert/,True,True,MATCH
6390ACERT,Marketing Management - Fundraising Management,Associate Certificate,Part-time,legitimate remaining import candidate,1,https://www.bcit.ca/programs/marketing-management-fundraising-management-associate-certificate-part-time-6390acert/,True,True,MATCH
6422DIPMA,Marketing Management,Diploma,Full-time,legitimate remaining import candidate,1,https://www.bcit.ca/programs/marketing-management-diploma-full-time-6422dipma/,True,True,MATCH
6425ACERT,Technical Writing,Associate Certificate,Part-time,already loaded,3,https://www.bcit.ca/programs/technical-writing-associate-certificate-part-time-6425acert/,True,True,MATCH
642ADIPMA,Marketing Management (Digital Marketing and Brand Strategy Option),Diploma,Full-time,legitimate remaining import candidate,1,https://www.bcit.ca/programs/marketing-management-digital-marketing-and-brand-strategy-option-diploma-full-time-642adipma/,True,True,MATCH
642BDIPMA,Marketing Management (Professional Sales Option),Diploma,Full-time,legitimate remaining import candidate,1,https://www.bcit.ca/programs/marketing-management-professional-sales-option-diploma-full-time-642bdipma/,True,True,MATCH
642CDIPMA,Marketing Management (Entrepreneurship Option),Diploma,Full-time,legitimate remaining import candidate,1,https://www.bcit.ca/programs/marketing-management-entrepreneurship-option-diploma-full-time-642cdipma/,True,True,MATCH
642DDIPMA,Marketing Management (Professional Real Estate Option),Diploma,Full-time,legitimate remaining import candidate,1,https://www.bcit.ca/programs/marketing-management-professional-real-estate-option-diploma-full-time-642ddipma/,True,True,MATCH
642EDIPMA,Marketing Management (Tourism Marketing and Sales Option),Diploma,Full-time,legitimate remaining import candidate,1,https://www.bcit.ca/programs/marketing-management-tourism-marketing-and-sales-option-diploma-full-time-642edipma/,True,True,MATCH
6450MCERT,Media Techniques for Business,Certificate,Part-time,legitimate remaining import candidate,1,https://www.bcit.ca/programs/media-techniques-for-business-certificate-part-time-6450mcert/,True,True,MATCH
6465ACERT,Web and Mobile Application Development,Associate Certificate,Part-time,already loaded,2,https://www.bcit.ca/programs/web-and-mobile-application-development-associate-certificate-part-time-6465acert/,True,True,MATCH
6505ACERT,Graphic Design Foundations,Associate Certificate,Part-time,legitimate remaining import candidate,1,https://www.bcit.ca/programs/graphic-design-foundations-associate-certificate-part-time-6505acert/,True,True,MATCH
6515DIPMA,Digital Design and Development,Diploma,Full-time,already loaded,2,https://www.bcit.ca/programs/digital-design-and-development-diploma-full-time-6515dipma/,True,True,MATCH
6525DIPMA,New Media Design and Web Development,Diploma,Full-time,legitimate remaining import candidate,2,https://www.bcit.ca/programs/new-media-design-and-web-development-diploma-full-time-6525dipma/,True,True,MATCH
6530CERT,Construction Estimating,Certificate,Part-time,already loaded,2,https://www.bcit.ca/programs/construction-estimating-certificate-part-time-6530cert/,True,True,MATCH
6535CERT,Front-End Web Developer,Certificate,Full-time,already loaded,3,https://www.bcit.ca/programs/front-end-web-developer-certificate-full-time-6535cert/,True,True,MATCH
6575DIPMA,"3D Modeling, Art and Animation",Diploma,Full-time,already loaded,2,https://www.bcit.ca/programs/3d-modeling-art-and-animation-diploma-full-time-6575dipma/,True,True,MATCH
6585CERT,Graphic Design,Certificate,Full-time/Part-time,legitimate remaining import candidate,2,https://www.bcit.ca/programs/graphic-design-certificate-full-time-part-time-6585cert/,True,True,MATCH
6590ACERT,Tourism and Hospitality,Associate Certificate,Part-time,legitimate remaining import candidate,1,https://www.bcit.ca/programs/tourism-and-hospitality-associate-certificate-part-time-6590acert/,True,True,MATCH
6595DIPMA,Graphic Design and Interactive Media,Diploma,Part-time,already loaded,2,https://www.bcit.ca/programs/graphic-design-and-interactive-media-diploma-part-time-6595dipma/,True,True,MATCH
6615DIPMA,Medical Laboratory Science,Diploma,Full-time,already loaded,1,https://www.bcit.ca/programs/medical-laboratory-science-diploma-full-time-6615dipma/,True,True,MATCH
6630ACERT,Medical Office Assistant,Associate Certificate,Part-time,legitimate remaining import candidate,2,https://www.bcit.ca/programs/medical-office-assistant-associate-certificate-part-time-6630acert/,True,True,MATCH
6635DIPMA,Medical Radiography,Diploma,Full-time,already loaded,1,https://www.bcit.ca/programs/medical-radiography-diploma-full-time-6635dipma/,True,True,MATCH
6640DIPMA,Mineral Exploration and Mining Technology,Diploma,Full-time,legitimate remaining import candidate,2,https://www.bcit.ca/programs/mineral-exploration-and-mining-technology-diploma-full-time-6640dipma/,True,True,MATCH
6645ADCERT,Bridging Medical Radiography,Advanced Certificate,Part-time,already loaded,1,https://www.bcit.ca/programs/bridging-medical-radiography-advanced-certificate-part-time-6645adcert/,True,True,MATCH
6705DIPMA,Nuclear Medicine,Diploma,Full-time,already loaded,1,https://www.bcit.ca/programs/nuclear-medicine-diploma-full-time-6705dipma/,True,True,MATCH
675FACERT,Fire Protection Inspection and Testing,Associate Certificate,Part-time,already loaded,2,https://www.bcit.ca/programs/fire-protection-inspection-and-testing-associate-certificate-part-time-675facert/,True,True,MATCH
6760ACERT,Mechanical Systems,Associate Certificate,Part-time,already loaded,1,https://www.bcit.ca/programs/mechanical-systems-associate-certificate-part-time-6760acert/,True,True,MATCH
680BASCERT,Pediatric Nursing Specialty (Standard Option),Advanced Certificate,Part-time,already loaded,1,https://www.bcit.ca/programs/pediatric-nursing-specialty-standard-option-advanced-certificate-part-time-680bascert/,True,True,MATCH
680CASCERT,Perinatal Nursing Specialty (Standard Option),Advanced Certificate,Part-time,already loaded,1,https://www.bcit.ca/programs/perinatal-nursing-specialty-standard-option-advanced-certificate-part-time-680cascert/,True,True,MATCH
680EASCERT,Emergency Nursing Specialty (Standard Option),Advanced Certificate,Part-time,already loaded,1,https://www.bcit.ca/programs/emergency-nursing-specialty-standard-option-advanced-certificate-part-time-680eascert/,True,True,MATCH
680FASCERT,Neonatal Nursing Specialty,Advanced Certificate,Part-time,legitimate remaining import candidate,1,https://www.bcit.ca/programs/neonatal-nursing-specialty-advanced-certificate-part-time-680fascert/,True,True,MATCH
680LASCERT,Critical Care Nursing Specialty (Combined Critical Care/Emergency Option),Advanced Certificate,Part-time,already loaded,1,https://www.bcit.ca/programs/critical-care-nursing-specialty-combined-critical-care-emergency-option-advanced-certificate-part-time-680lascert/,True,True,MATCH
680MASCERT,Nephrology Nursing Specialty,Advanced Certificate,Part-time,already loaded,1,https://www.bcit.ca/programs/nephrology-nursing-specialty-advanced-certificate-part-time-680mascert/,True,True,MATCH
680PASCERT,Perioperative Nursing Specialty,Advanced Certificate,Part-time,legitimate remaining import candidate,1,https://www.bcit.ca/programs/perioperative-nursing-specialty-advanced-certificate-part-time-680pascert/,True,True,MATCH
680SASCERT,Emergency Nursing Specialty (Combined Emergency/Critical Care Option),Advanced Certificate,Part-time,already loaded,1,https://www.bcit.ca/programs/emergency-nursing-specialty-combined-emergency-critical-care-option-advanced-certificate-part-time-680sascert/,True,True,MATCH
680VASCERT,Perinatal Nursing Specialty (Perinatal - Perioperative Option),Advanced Certificate,Part-time,legitimate remaining import candidate,1,https://www.bcit.ca/programs/perinatal-nursing-specialty-perinatal-perioperative-option-advanced-certificate-part-time-680vascert/,True,True,MATCH
680WASCERT,High Acuity Nursing Specialty,Advanced Certificate,Part-time,already loaded,1,https://www.bcit.ca/programs/high-acuity-nursing-specialty-advanced-certificate-part-time-680wascert/,True,True,MATCH
680XADCERT,Critical Care Nursing Specialty,Advanced Certificate,Part-time,already loaded,1,https://www.bcit.ca/programs/critical-care-nursing-specialty-advanced-certificate-part-time-680xadcert/,True,True,MATCH
680YADCERT,Emergency Nursing Specialty (Pediatric Emergency Option),Advanced Certificate,Part-time,legitimate remaining import candidate,1,https://www.bcit.ca/programs/emergency-nursing-specialty-pediatric-emergency-option-advanced-certificate-part-time-680yadcert/,True,True,MATCH
680ZADCERT,Pediatric Nursing Specialty (Critical Care Option),Advanced Certificate,Part-time,legitimate remaining import candidate,1,https://www.bcit.ca/programs/pediatric-nursing-specialty-critical-care-option-advanced-certificate-part-time-680zadcert/,True,True,MATCH
681BADCERT,Pediatric Nursing Specialty (Anesthesia Care Option),Advanced Certificate,Part-time,already loaded,1,https://www.bcit.ca/programs/pediatric-nursing-specialty-anesthesia-care-option-advanced-certificate-part-time-681badcert/,True,True,MATCH
6820ASCERT,Cardiovascular Perfusion,Advanced Certificate,Part-time,already loaded,1,https://www.bcit.ca/programs/cardiovascular-perfusion-advanced-certificate-part-time-6820ascert/,True,True,MATCH
6830ACERT,Leadership,Associate Certificate,Part-time,legitimate remaining import candidate,1,https://www.bcit.ca/programs/leadership-associate-certificate-part-time-6830acert/,True,True,MATCH
6835ADCERT,Pediatric Emergency Nursing Specialty,Advanced Certificate,Part-time,legitimate remaining import candidate,1,https://www.bcit.ca/programs/pediatric-emergency-nursing-specialty-advanced-certificate-part-time-6835adcert/,True,True,MATCH
6850DIPLT,Occupational Health and Safety,Diploma,Full-time,already loaded,1,https://www.bcit.ca/programs/occupational-health-and-safety-diploma-full-time-6850diplt/,True,True,MATCH
6860ADCERT,Health Leadership,Advanced Certificate,Part-time,already loaded,1,https://www.bcit.ca/programs/health-leadership-advanced-certificate-part-time-6860adcert/,True,True,MATCH
6890CERT,Advanced Safety Management,Certificate,Part-time,legitimate remaining import candidate,1,https://www.bcit.ca/programs/advanced-safety-management-certificate-part-time-6890cert/,True,True,MATCH
690AMCERT,Operations Management (Industrial Engineering Option),Certificate,Part-time,legitimate remaining import candidate,1,https://www.bcit.ca/programs/operations-management-industrial-engineering-option-certificate-part-time-690amcert/,True,True,MATCH
690BMCERT,Operations Management (Management Engineering Option),Certificate,Part-time,legitimate remaining import candidate,1,https://www.bcit.ca/programs/operations-management-management-engineering-option-certificate-part-time-690bmcert/,True,True,MATCH
690DMCERT,Operations Management (Materials Management Option),Certificate,Part-time,legitimate remaining import candidate,1,https://www.bcit.ca/programs/operations-management-materials-management-option-certificate-part-time-690dmcert/,True,True,MATCH
690FMCERT,Operations Management (Facilities Management Option),Certificate,Part-time,legitimate remaining import candidate,1,https://www.bcit.ca/programs/operations-management-facilities-management-option-certificate-part-time-690fmcert/,True,True,MATCH
6915DIPMA,Operations & Management Engineering,Diploma,Full-time,legitimate remaining import candidate,1,https://www.bcit.ca/programs/operations-and-management-engineering-diploma-full-time-6915dipma/,True,True,MATCH
6945CERT,Quality and Process Management,Certificate,Part-time,legitimate remaining import candidate,1,https://www.bcit.ca/programs/quality-and-process-management-certificate-part-time-6945cert/,True,True,MATCH
6957ACERT,Applied Web Development,Associate Certificate,Part-time,already loaded,2,https://www.bcit.ca/programs/applied-web-development-associate-certificate-part-time-6957acert/,True,True,MATCH
6958ACERT,Applied Software Development (ASD),Associate Certificate,Part-time,already loaded,1,https://www.bcit.ca/programs/applied-software-development-asd-associate-certificate-part-time-6958acert/,True,True,MATCH
6992ACERT,Applied Computer Information Systems (ACIS),Associate Certificate,Part-time,already loaded,3,https://www.bcit.ca/programs/applied-computer-information-systems-acis-associate-certificate-part-time-6992acert/,True,True,MATCH
6994ACERT,Applied Database Administration and Design,Associate Certificate,Part-time,legitimate remaining import candidate,1,https://www.bcit.ca/programs/applied-database-administration-and-design-associate-certificate-part-time-6994acert/,True,True,MATCH
6998CERT,Office Administrator with Technology Program (OAT),Certificate,Full-time,already loaded,2,https://www.bcit.ca/programs/office-administrator-with-technology-program-oat-certificate-full-time-6998cert/,True,True,MATCH
703ADIPMA,Business Administration (General Option),Diploma,Part-time,already loaded,2,https://www.bcit.ca/programs/business-administration-general-option-diploma-part-time-703adipma/,True,True,MATCH
703BDIPMA,Business Administration (Global Studies Option),Diploma,Part-time,legitimate remaining import candidate,2,https://www.bcit.ca/programs/business-administration-global-studies-option-diploma-part-time-703bdipma/,True,True,MATCH
703CDIPMA,Business Administration (Human Resources Option),Diploma,Part-time,legitimate remaining import candidate,2,https://www.bcit.ca/programs/business-administration-human-resources-option-diploma-part-time-703cdipma/,True,True,MATCH
703DDIPMA,Business Administration (Management Option),Diploma,Part-time,legitimate remaining import candidate,2,https://www.bcit.ca/programs/business-administration-management-option-diploma-part-time-703ddipma/,True,True,MATCH
703EDIPMA,Business Administration (Marketing Option),Diploma,Part-time,legitimate remaining import candidate,2,https://www.bcit.ca/programs/business-administration-marketing-option-diploma-part-time-703edipma/,True,True,MATCH
7100DIPLT,Prosthetics and Orthotics,Diploma,Full-time,already loaded,1,https://www.bcit.ca/programs/prosthetics-and-orthotics-diploma-full-time-7100diplt/,True,True,MATCH
7110CERT,Technology Support Professional (TSP),Certificate,Full-time,already loaded,2,https://www.bcit.ca/programs/technology-support-professional-tsp-certificate-full-time-7110cert/,True,True,MATCH
7140DIPMA,Architectural and Building Technology,Diploma,Full-time,already loaded,1,https://www.bcit.ca/programs/architectural-and-building-technology-diploma-full-time-7140dipma/,True,True,MATCH
7160ADVDIP,Diagnostic Medical Sonography – Cardiac,Advanced Diploma,Full-time,already loaded,1,https://www.bcit.ca/programs/diagnostic-medical-sonography-cardiac-advanced-diploma-full-time-7160advdip/,True,True,MATCH
7340DIPLT,Mechatronics and Robotics,Diploma,Full-time,already loaded,1,https://www.bcit.ca/programs/mechatronics-and-robotics-diploma-full-time-7340diplt/,True,True,MATCH
7460MCERT,International Trade and Transportation Logistics,Certificate,Part-time,legitimate remaining import candidate,1,https://www.bcit.ca/programs/international-trade-and-transportation-logistics-certificate-part-time-7460mcert/,True,True,MATCH
7475DIPMA,Global Supply Chain Management,Diploma,Full-time,legitimate remaining import candidate,1,https://www.bcit.ca/programs/global-supply-chain-management-diploma-full-time-7475dipma/,True,True,MATCH
7485DIPMA,Forest and Natural Areas Management,Diploma,Full-time,legitimate remaining import candidate,1,https://www.bcit.ca/programs/forest-and-natural-areas-management-diploma-full-time-7485dipma/,True,True,MATCH
7535DIPMA,Geomatics Engineering Technology,Diploma,Full-time,legitimate remaining import candidate,2,https://www.bcit.ca/programs/geomatics-engineering-technology-diploma-full-time-7535dipma/,True,True,MATCH
7610ACERT,Human Resource Management,Associate Certificate,Part-time,legitimate remaining import candidate,1,https://www.bcit.ca/programs/human-resource-management-associate-certificate-part-time-7610acert/,True,True,MATCH
7710DIPMA,Construction Management,Diploma,Part-time,legitimate remaining import candidate,2,https://www.bcit.ca/programs/construction-management-diploma-part-time-7710dipma/,True,True,MATCH
7870CERT,Construction Supervision,Certificate,Part-time,legitimate remaining import candidate,2,https://www.bcit.ca/programs/construction-supervision-certificate-part-time-7870cert/,True,True,MATCH
7880ACERT,Construction Operations,Associate Certificate,Part-time,already loaded,2,https://www.bcit.ca/programs/construction-operations-associate-certificate-part-time-7880acert/,True,True,MATCH
7935DIPMA,"Fish, Wildlife and Recreation",Diploma,Full-time,already loaded,1,https://www.bcit.ca/programs/fish-wildlife-and-recreation-diploma-full-time-7935dipma/,True,True,MATCH
7950ASCERT,Magnetic Resonance Imaging,Advanced Certificate,Part-time,already loaded,1,https://www.bcit.ca/programs/magnetic-resonance-imaging-advanced-certificate-part-time-7950ascert/,True,True,MATCH
7975DIPMA,Magnetic Resonance Imaging,Diploma,Full-time,already loaded,1,https://www.bcit.ca/programs/magnetic-resonance-imaging-diploma-full-time-7975dipma/,True,True,MATCH
7985ACERT,Business Fundamentals,Associate Certificate,Full-time,already loaded,1,https://www.bcit.ca/programs/business-fundamentals-associate-certificate-full-time-7985acert/,True,True,MATCH
8020BENG,Mechanical Engineering,Bachelor of Engineering,Full-time,already loaded,1,https://www.bcit.ca/programs/mechanical-engineering-bachelor-of-engineering-full-time-8020beng/,True,True,MATCH
8030BENG,Electrical Engineering,Bachelor of Engineering,Full-time,already loaded,1,https://www.bcit.ca/programs/electrical-engineering-bachelor-of-engineering-full-time-8030beng/,True,True,MATCH
8040BSC,Ecological Restoration,Bachelor of Science,Full-time/Part-time,already loaded,1,https://www.bcit.ca/programs/ecological-restoration-bachelor-of-science-full-time-part-time-8040bsc/,True,True,MATCH
8050BTECH,Architectural Science,Bachelor of Architectural Science,Full-time,already loaded,1,https://www.bcit.ca/programs/architectural-science-bachelor-of-architectural-science-full-time-8050btech/,True,True,MATCH
810ABSN,Specialty Nursing (Critical Care - Standard Option),Bachelor of Science in Nursing,Part-time,already loaded,1,https://www.bcit.ca/programs/specialty-nursing-critical-care-standard-option-bachelor-of-science-in-nursing-part-time-810absn/,True,True,MATCH
810BBSN,Specialty Nursing (Emergency - Standard Option),Bachelor of Science in Nursing,Part-time,already loaded,1,https://www.bcit.ca/programs/specialty-nursing-emergency-standard-option-bachelor-of-science-in-nursing-part-time-810bbsn/,True,True,MATCH
810CBSN,Specialty Nursing (Neonatal),Bachelor of Science in Nursing,Part-time,already loaded,1,https://www.bcit.ca/programs/specialty-nursing-neonatal-bachelor-of-science-in-nursing-part-time-810cbsn/,True,True,MATCH
810DBSN,Specialty Nursing (Nephrology),Bachelor of Science in Nursing,Part-time,already loaded,1,https://www.bcit.ca/programs/specialty-nursing-nephrology-bachelor-of-science-in-nursing-part-time-810dbsn/,True,True,MATCH
810FBSN,Specialty Nursing (Pediatric - Standard Option),Bachelor of Science in Nursing,Part-time,already loaded,1,https://www.bcit.ca/programs/specialty-nursing-pediatric-standard-option-bachelor-of-science-in-nursing-part-time-810fbsn/,True,True,MATCH
810GBSN,Specialty Nursing (Perinatal - Standard Option),Bachelor of Science in Nursing,Part-time,already loaded,1,https://www.bcit.ca/programs/specialty-nursing-perinatal-standard-option-bachelor-of-science-in-nursing-part-time-810gbsn/,True,True,MATCH
810HBSN,Specialty Nursing (Perioperative),Bachelor of Science in Nursing,Part-time,already loaded,1,https://www.bcit.ca/programs/specialty-nursing-perioperative-bachelor-of-science-in-nursing-part-time-810hbsn/,True,True,MATCH
810KBSN,Specialty Nursing (Critical Care - Combined Critical Care/Emergency Option),Bachelor of Science in Nursing,Part-time,already loaded,1,https://www.bcit.ca/programs/specialty-nursing-critical-care-combined-critical-care-emergency-option-bachelor-of-science-in-nursing-part-time-810kbsn/,True,True,MATCH
810MBSN,Specialty Nursing (High Acuity),Bachelor of Science in Nursing,Part-time,already loaded,1,https://www.bcit.ca/programs/specialty-nursing-high-acuity-bachelor-of-science-in-nursing-part-time-810mbsn/,True,True,MATCH
810NBSN,Specialty Nursing (Emergency - Combined Emergency/Critical Care Option),Bachelor of Science in Nursing,Part-time,already loaded,1,https://www.bcit.ca/programs/specialty-nursing-emergency-combined-emergency-critical-care-option-bachelor-of-science-in-nursing-part-time-810nbsn/,True,True,MATCH
810QBSN,Specialty Nursing (Pediatric - Critical Care Option),Bachelor of Science in Nursing,Part-time,already loaded,1,https://www.bcit.ca/programs/specialty-nursing-pediatric-critical-care-option-bachelor-of-science-in-nursing-part-time-810qbsn/,True,True,MATCH
810SBSN,Specialty Nursing (Perinatal - Perioperative Option),Bachelor of Science in Nursing,Part-time,already loaded,1,https://www.bcit.ca/programs/specialty-nursing-perinatal-perioperative-option-bachelor-of-science-in-nursing-part-time-810sbsn/,True,True,MATCH
8120BTECH,Environmental Engineering,Bachelor of Technology,Full-time/Part-time,already loaded,2,https://www.bcit.ca/programs/environmental-engineering-bachelor-of-technology-full-time-part-time-8120btech/,True,True,MATCH
830ABHSC,Bachelor of Health Science (Magnetic Resonance Imaging Option),Bachelor of Health Science,Part-time,legitimate remaining import candidate,1,https://www.bcit.ca/programs/bachelor-of-health-science-magnetic-resonance-imaging-option-bachelor-of-health-science-part-time-830abhsc/,True,True,MATCH
8310BTECH,Geographic Information Systems,Bachelor of Technology,Full-time/Part-time,already loaded,3,https://www.bcit.ca/programs/geographic-information-systems-bachelor-of-technology-full-time-part-time-8310btech/,True,True,MATCH
8350BTECH,Technology Management,Bachelor of Technology,Part-time,already loaded,7,https://www.bcit.ca/programs/technology-management-bachelor-of-technology-part-time-8350btech/,True,True,MATCH
847ABTECH,Forensic Investigation (Crime and Intelligence Analysis Option),Bachelor of Technology,Part-time,already loaded,2,https://www.bcit.ca/programs/forensic-investigation-crime-and-intelligence-analysis-option-bachelor-of-technology-part-time-847abtech/,True,True,MATCH
847BBTECH,Forensic Investigation (Forensic Science Option),Bachelor of Technology,Part-time,already loaded,1,https://www.bcit.ca/programs/forensic-investigation-forensic-science-option-bachelor-of-technology-part-time-847bbtech/,True,True,MATCH
847CBTECH,Forensic Investigation (Digital Forensics and Cybersecurity Option),Bachelor of Technology,Full-time/Part-time,already loaded,3,https://www.bcit.ca/programs/forensic-investigation-digital-forensics-and-cybersecurity-option-bachelor-of-technology-full-time-part-time-847cbtech/,True,True,MATCH
8520BENVH,Environmental Public Health,Bachelor of Environmental Public Health,Full-time,already loaded,2,https://www.bcit.ca/programs/environmental-public-health-bachelor-of-environmental-public-health-full-time-8520benvh/,True,True,MATCH
8610BENG,Mining and Mineral Resource Engineering,Bachelor of Engineering,Full-time,already loaded,2,https://www.bcit.ca/programs/mining-and-mineral-resource-engineering-bachelor-of-engineering-full-time-8610beng/,True,True,MATCH
8630BACC,Accounting,Bachelor of Accounting,Full-time/Part-time,already loaded,1,https://www.bcit.ca/programs/accounting-bachelor-of-accounting-full-time-part-time-8630bacc/,True,True,MATCH
8645BSC,Geomatics,Bachelor of Science,Full-time,already loaded,2,https://www.bcit.ca/programs/geomatics-bachelor-of-science-full-time-8645bsc/,True,True,MATCH
8650BSC,Radiation Therapy,Bachelor of Science,Full-time,already loaded,1,https://www.bcit.ca/programs/radiation-therapy-bachelor-of-science-full-time-8650bsc/,True,True,MATCH
8660BENG,Civil Engineering,Bachelor of Engineering,Full-time,already loaded,1,https://www.bcit.ca/programs/civil-engineering-bachelor-of-engineering-full-time-8660beng/,True,True,MATCH
867ABSC,Applied Computer Science (Games Development Option),Bachelor of Science,Full-time,already loaded,1,https://www.bcit.ca/programs/applied-computer-science-games-development-option-bachelor-of-science-full-time-867absc/,True,True,MATCH
867BBSC,Applied Computer Science (Network Security Applications Development Option),Bachelor of Science,Full-time/Part-time,legitimate remaining import candidate,2,https://www.bcit.ca/programs/applied-computer-science-network-security-applications-development-option-bachelor-of-science-full-time-part-time-867bbsc/,True,True,MATCH
867CBSC,Applied Computer Science (Database Option),Bachelor of Science,Full-time/Part-time,already loaded,2,https://www.bcit.ca/programs/applied-computer-science-database-option-bachelor-of-science-full-time-part-time-867cbsc/,True,True,MATCH
867DBSC,Applied Computer Science (Human Computer Interface Option),Bachelor of Science,Part-time,legitimate remaining import candidate,2,https://www.bcit.ca/programs/applied-computer-science-human-computer-interface-option-bachelor-of-science-part-time-867dbsc/,True,True,MATCH
867EBSC,Applied Computer Science (Network Security Administration Option),Bachelor of Science,Part-time,legitimate remaining import candidate,2,https://www.bcit.ca/programs/applied-computer-science-network-security-administration-option-bachelor-of-science-part-time-867ebsc/,True,True,MATCH
867FBSC,Applied Computer Science (Wireless and Mobile Applications Development Option),Bachelor of Science,Part-time,legitimate remaining import candidate,2,https://www.bcit.ca/programs/applied-computer-science-wireless-and-mobile-applications-development-option-bachelor-of-science-part-time-867fbsc/,True,True,MATCH
8800BTECH,Construction Management,Bachelor of Technology,Full-time/Part-time,already loaded,1,https://www.bcit.ca/programs/construction-management-bachelor-of-technology-full-time-part-time-8800btech/,True,True,MATCH
8830BID,Interior Design,Bachelor of Interior Design,Full-time,already loaded,2,https://www.bcit.ca/programs/interior-design-bachelor-of-interior-design-full-time-8830bid/,True,True,MATCH
8875BSN,Nursing,Bachelor of Science in Nursing,Full-time,already loaded,1,https://www.bcit.ca/programs/nursing-bachelor-of-science-in-nursing-full-time-8875bsn/,True,True,MATCH
8900BTECH,Electronics,Bachelor of Technology,Part-time,already loaded,1,https://www.bcit.ca/programs/electronics-bachelor-of-technology-part-time-8900btech/,True,True,MATCH
8910BSC,Honours in Biotechnology,Bachelor of Science,Full-time,legitimate remaining import candidate,2,https://www.bcit.ca/programs/honours-in-biotechnology-bachelor-of-science-full-time-8910bsc/,True,True,MATCH
9100FADVDIP,Geographic Information Systems,Advanced Diploma,Full-time,already loaded,3,https://www.bcit.ca/programs/geographic-information-systems-advanced-diploma-full-time-9100fadvdip/,True,True,MATCH
9100PADVDIP,Geographic Information Systems,Advanced Diploma,Part-time,already loaded,3,https://www.bcit.ca/programs/geographic-information-systems-advanced-diploma-part-time-9100padvdip/,True,True,MATCH
9940BSC,Combined Honours in Biochemistry and Forensic Science,Bachelor of Science,Full-time,already loaded,1,https://www.bcit.ca/programs/combined-honours-in-biochemistry-and-forensic-science-bachelor-of-science-full-time-9940bsc/,True,True,MATCH
9975BBA,Bachelor of Business Administration,Bachelor of Business Administration,Full-time/Part-time,already loaded,1,https://www.bcit.ca/programs/bachelor-of-business-administration-bachelor-of-business-administration-full-time-part-time-9975bba/,True,True,MATCH
9980BCI,Bachelor of Creative Industries,Bachelor of Creative Industries,Full-time,already loaded,1,https://www.bcit.ca/programs/bachelor-of-creative-industries-bachelor-of-creative-industries-full-time-9980bci/,True,True,MATCH
A200GRCERT,Building Energy Modelling,Graduate Certificate,Part-time,legitimate remaining import candidate,1,https://www.bcit.ca/programs/building-energy-modelling-graduate-certificate-part-time-a200grcert/,True,True,MATCH
A500GRCERT,Global Leadership,Graduate Certificate,Full-time,legitimate remaining import candidate,1,https://www.bcit.ca/programs/global-leadership-graduate-certificate-full-time-a500grcert/,True,True,MATCH
A600GRCERT,Business Analytics,Graduate Certificate,Full-time,already loaded,4,https://www.bcit.ca/programs/business-analytics-graduate-certificate-full-time-a600grcert/,True,True,MATCH
A700GRCERT,Business Administration,Graduate Certificate,Full-time,already loaded,1,https://www.bcit.ca/programs/business-administration-graduate-certificate-full-time-a700grcert/,True,True,MATCH
M120MENG,Building Science,Master of Engineering,Full-time/Part-time,already loaded,1,https://www.bcit.ca/programs/building-science-master-of-engineering-full-time-part-time-m120meng/,True,True,MATCH
M220MASC,Building Engineering/Building Science,Master of Applied Science,Full-time/Part-time,already loaded,1,https://www.bcit.ca/programs/building-engineering-building-science-master-of-applied-science-full-time-part-time-m220masc/,True,True,MATCH
M410MSC,Ecological Restoration,Master of Science,Full-time/Part-time,already loaded,1,https://www.bcit.ca/programs/ecological-restoration-master-of-science-full-time-part-time-m410msc/,True,True,MATCH
M500MENG,Smart Grid Systems and Technologies,Master of Engineering,Full-time/Part-time,already loaded,2,https://www.bcit.ca/programs/smart-grid-systems-and-technologies-master-of-engineering-full-time-part-time-m500meng/,True,True,MATCH
M600MSC,Applied Computing,Master of Science,Full-time,already loaded,5,https://www.bcit.ca/programs/applied-computing-master-of-science-full-time-m600msc/,True,True,MATCH
5325ACERT,Foundations in Occupational Health and Safety,Associate Certificate,Part-time,intentionally retained live-but-unlisted,0,https://www.bcit.ca/programs/foundations-in-occupational-health-and-safety-associate-certificate-part-time-5325acert/,False,True,RETAINED_NO_CLEANUP
