program_id,program_name,normalized_program_courses,components,legacy_requirements,structured_requirements,credit_pools,substitutions
0800CM,Introductory Studies in Mass Timber Construction,2,1,0,0,0,0
0801CM,Essentials of Natural Resource and Environmental Protection (MENREP),7,1,0,0,0,0
0803CM,Script Supervision and Continuity for Film and TV,5,1,0,0,0,0
0804CM,Forensic Nurse Examiner Education for RNs,2,1,0,0,0,0
0805CM,Breast Sonography,2,1,0,0,0,0
0806CM,Musculoskeletal Sonography,2,1,0,0,0,0
0810CM,Low-Code Mobile Application Development,3,1,0,0,0,0
0811CM,Essentials of Data Networks,3,1,0,0,0,0
0812CM,Cybersecurity Analysis for Network Administrators,5,1,0,0,0,0
0813CM,Advanced Forensic Nurse Examiner,7,1,0,0,0,0
0814CM,Essential Field Skills for Environmental Professionals,4,1,0,0,0,0
0815CM,Supervising Net-Zero and Passive House Construction,7,2,0,0,0,0
0816CM,Applied Circular Economy: Zero Waste Buildings,3,0,0,0,0,0
0817CM,Introduction to Forest Health Quantification with RPAS,4,1,0,0,0,0
0819CM,Essentials of Net-Zero and Passive House Construction,6,2,0,0,0,0
0820CM,Cybersecurity Essentials for IT Professionals,3,1,0,0,0,0
0822CM,Food Safety Preventive Controls and HACCP Plans,2,1,0,0,0,0
0823CM,Food Safety Management,1,1,0,0,0,0
0824CM,Animal Cell Culture,2,1,0,0,0,0
0825CM,Canadian Employment Readiness (CER),2,1,0,0,0,0
0826CM,Technical Communication Essentials,8,2,0,0,0,0
0828CM,Student Mobility Preparedness,3,1,0,0,0,0
0829CM,Building Energy Modelling and Simulation,3,1,0,0,0,0
0830CM,Whole-Building Life Cycle Assessment Professional,4,1,0,0,0,0
0831CM,Industrial Networking for Cybersecurity Professionals,5,1,0,0,0,0
0832CM,Cybersecurity Operations,4,1,0,0,0,0
0833CM,Forensic Nurse Death Investigator,2,1,0,0,0,0
0835CM,International Education Practitioner - Foundation,5,1,0,0,0,0
0836CM,Drone Applications for Environmental Risk Assessment,4,1,0,0,0,0
0837CM,Foundational Digital Forensics Skills,3,1,0,0,0,0
0838CM,Automotive Service Management Essentials,2,1,0,0,0,0
0839CM,"Fiber Optics - Principles, Installation and Repair",2,1,0,0,0,0
0840CM,Introduction to Full-Stack Web Development,2,1,0,0,0,0
0841CM,Web Development Foundations (WDF),2,1,0,0,0,0
0842CM,Data Visualization with MS Power BI,2,1,0,0,0,0
0843CM,Spanish Language and Culture Fundamentals,2,1,0,0,0,0
0844CM,Fundamentals of Virtual Containers,2,1,0,0,0,0
0845CM,Network Switching and Routing,2,1,0,0,0,0
0846CM,Sterile Field and the Aseptic Environment,3,1,0,0,0,0
0847CM,Wind Turbine Essentials,2,1,0,0,0,0
0848CM,Advanced Topics in Networking,2,1,0,0,0,0
0849CM,Asbestos Awareness and Safety,3,3,0,0,0,0
0850CM,Fraud and Financial Crime Investigation,8,2,0,0,0,0
0851CM,Aircraft Defect Inspection and Reporting Techniques,2,1,0,0,0,0
0852CM,Canadian Engineering Professional Practice,3,1,0,0,0,0
0853CM,Principles of Regenerative Building,3,1,0,0,0,0
0854CM,Essentials of Community Energy and Emissions Management,6,1,0,0,0,0
0855CM,Thermal Power Plant Simulation Proficiency,2,1,0,0,0,0
0856CM,Retrofit Solutions for Rural Communities,2,1,0,0,0,0
0857CM,Automotive Collision Estimator,2,1,0,0,0,0
0859CM,Sexual and Reproductive Health Foundations,2,1,0,0,0,0
0860CM,Heat Pump Maintenance and Troubleshooting,3,1,0,0,0,0
0861CM,Climate Changemakers Leadership Training,4,1,0,0,0,0
0862CM,Residential Air to Air Heat Pump Specialist,6,1,0,0,0,0
0864CM,Marine Business Essentials,10,1,0,0,0,0
0865CM,Introduction to Power Systems Protection Design,3,1,0,0,0,0
0866CM,Distribution Design for Electrical Utilities,3,1,0,0,0,0
0869CM,Occupational Health and Safety Essentials,3,1,0,0,0,0
0870CM,Sexual Health Rehabilitation,2,1,0,0,0,0
0872CM,Techniques for Crime & Intelligence Analysts (TCIA),8,1,0,0,0,0
0873CM,Fundamentals in Polytechnic Teaching,3,1,0,0,0,0
0874CM,"Fundamentals in Architecture, Construction, and Engineering",3,1,0,0,0,0
0875CM,Applied Additive Manufacturing,3,1,0,0,0,0
0876CM,Applied Mass Timber Engineering,4,1,0,0,0,0
100ADIPMA,Airline and Flight Operations Commercial Pilot (Fixed-Wing),38,4,0,0,0,0
100BDIPMA,Airline and Flight Operations Commercial Pilot (Rotary-Wing),33,3,0,0,0,0
1030CERTTS,Aircraft Gas Turbine Technician,11,3,0,0,0,0
1070ACERT,Airport Operations,9,1,0,0,0,0
1155ACERT,Construction Drawings,7,1,0,0,0,0
1165DIPMA,Aircraft Maintenance Engineer Category ‘E’ (Electronics),18,4,0,0,0,0
1175DIPMA,Aviation Management and Operations,38,5,0,0,0,0
1180ACERT,Trades Discovery General,9,1,0,0,0,0
1190ACERT,Trades Discovery for Women,9,1,0,0,0,0
1195IPCERT,Advanced Gas Turbine,7,1,0,0,0,0
1205DIPMA,Aircraft Maintenance Engineer Category 'S' (Structures),20,3,0,0,0,0
1230DIPMA,Aircraft Maintenance Engineer Category 'M' (Maintenance),22,4,0,0,0,0
1255CERT,Auto Body Repair and Refinishing Technician Foundation,15,1,0,0,0,0
1320ADCERT,Automated Controls Installation and Maintenance,8,1,0,0,0,0
1355TTCERT,Automotive Technician Foundation,12,1,0,0,0,0
1360CERT,Automotive Technician (Honda/Acura Foundation),13,1,0,0,0,0
1375TTCERT,Automotive Technician (Toyota Foundation),13,1,0,0,0,0
1430DIPMA,Automotive Service Technician and Operations,41,6,0,0,0,0
143ADIPMA,Automotive Service Technician and Operations (Ford ASSET Option),41,6,0,0,0,0
143BDIPMA,Automotive Service Technician and Operations - Non-Co-op Option,39,4,0,0,0,0
1450TTCERT,Boilermaker Foundation,13,1,0,0,0,0
1525TTDIPL,CNC Machinist Technician,26,3,0,0,0,0
1645CERT,Carpentry Framing and Forming Foundation,1,1,0,0,0,0
1685ACERT,Railway Conductor and Operations,3,1,0,0,0,0
1710CERTTS,Architectural and Structural CADD and Graphics Technician (Structural Option),17,1,0,0,0,0
1720CERTTS,Architectural and Structural CADD and Graphics Technician (Architectural Option),15,1,0,0,0,0
1780CERT,Electrical Foundation,9,2,0,0,0,0
1790ACERT,Hydronic Technician,8,1,0,0,0,0
1855DIPMA,Heavy Duty Truck Technology,33,5,0,0,0,0
1885ACERTS,Network Administrator Technician,4,1,0,0,0,0
1920CERT,Marine Mechanical Technician Foundation,16,1,0,0,0,0
1930DIPMA,Computer Information Systems Administration,26,4,0,0,0,0
1940CERT,Heavy Mechanical Trades Foundation,14,1,0,0,0,0
2000TTCERT,Ironworker Foundation,13,1,0,0,0,0
2020CERTTS,Chief Mate,10,1,0,0,0,0
2060CERT,Cabinetmaker (Joiner) Foundation,1,1,0,0,0,0
2175TTCERT,Machinist Foundation,11,1,0,0,0,0
2230CERT,Millwright Foundation,9,1,0,0,0,0
2365CERT,Motorcycle Technician Foundation,11,1,0,0,0,0
2410TTCERT,Power Engineering (General Program),17,2,0,0,0,0
2425CERT,Refrigeration and Air Conditioning Mechanic Foundation,11,1,0,0,0,0
2430DIPMA,Power and Process Engineering,40,4,0,0,0,0
2440CERT,Piping Foundation,1,1,0,0,0,0
2505ACERTS,Master 150GT Domestic,7,1,0,0,0,0
2515ACERTS,Master 500GT Domestic,8,1,0,0,0,0
2522CERTTS,Master 3000GT Domestic,10,1,0,0,0,0
2536DIPMA,Nautical Sciences,32,5,0,0,0,0
2542CERTTS,Watchkeeping Mate Near Coastal (WKMNC),13,2,0,0,0,0
2645CERT,Sheet Metal Worker Foundation,1,1,0,0,0,0
2825CERT,Metal Fabricator Foundation,14,1,0,0,0,0
2847CERT,Welder Foundation,1,1,0,0,0,0
2860TTCERT,"Welding, Level B",1,1,0,0,0,0
2870TTCERT,"Welding, Level A",1,1,0,0,0,0
2885ADVDIP,Marine Engineering,10,2,0,0,0,0
2915CERT,Security Systems Technician,6,2,0,0,0,0
2933ACERT,Bridge Watch Rating,5,1,0,0,0,0
2942DIPMA,Marine Engineering,40,5,0,0,0,0
2945DIPMA,Industrial Instrumentation and Process Control Technician,19,4,0,0,0,0
2958CERT,"Heating, Ventilation, Air Conditioning and Refrigeration Technician",23,1,0,0,0,0
2992DIPMA,"Heating, Ventilation, Air Conditioning and Refrigeration Technician",26,3,0,0,0,0
5063DIPMA,Biomedical Engineering Technology,34,6,0,0,0,0
5077CERT,Event Marketing and Management Strategy,34,2,0,0,0,0
5085ACERT,Project Management,19,2,0,0,0,0
5105DIPMA,Digital Communications and Wireless Technologies,23,4,0,0,0,0
5115ACERT,Music Business,20,2,0,0,0,0
5125ACERT,Business of Sawmilling,5,1,0,0,0,0
5140ACERT,Business Administration,5,2,0,0,0,0
5145ADCERT,Sustainable Business,11,2,0,0,0,0
5155DIPMA,"Food Processing, Safety, and Quality",25,4,0,0,0,0
515GACERT,Building Construction Technology,6,1,0,0,0,0
515HACERT,Building Design and Architectural CAD,6,1,0,0,0,0
5160ACERT,Industrial Wood Processing,5,1,0,0,0,0
5165ADCERT,Digital Health,9,1,0,0,0,0
5170ACERT,Healthcare Unit Clerk,11,2,0,0,0,0
5175ACERT,Polytechnic Teaching,6,1,0,0,0,0
5180ADVDIP,Sustainable Business Leadership,12,3,0,0,0,0
5180PADVDIP,Sustainable Business Leadership,12,2,0,0,0,0
5205ACERT,Business Analysis,12,2,0,0,0,0
5225ACERT,Construction of Mass Timber Structures,5,1,0,0,0,0
5235ADCERT,Building Energy Modelling and Performance Analysis,8,1,0,0,0,0
5240ADVDIP,Technical Arts,15,3,0,0,0,0
5245ACERT,Artificial Intelligence Management,4,1,0,0,0,0
5265DIPMA,Industrial Network Cybersecurity,25,6,0,0,0,0
5275ACERT,Business Intelligence,5,1,0,0,0,0
528AADCERT,Forensic Investigation (Crime and Intelligence Analysis Option),12,3,0,0,0,0
528BADCERT,Forensic Investigation (Forensic Science Option),23,2,0,0,0,0
528CADCERT,Forensic Investigation (Digital Forensics and Cybersecurity Option),15,3,0,0,0,0
5290ADVDIP,Professional Accounting,13,4,0,0,0,0
5295ACERT,Business Data Management,5,1,0,0,0,0
530ADIPLT,Cardiology Technology,24,6,0,0,0,0
5310ADCERT,Cardiac Sciences (Cardiovascular Technology Option),5,2,0,0,0,0
5312ADVDIP,Business Management - Advanced Diploma,14,2,0,0,0,0
5320ADCERT,Cardiac Sciences (Electrophysiology Technology Option),5,2,0,0,0,0
5325ACERT,Foundations in Occupational Health and Safety,8,1,0,0,0,0
5330ADCERT,Cardiac Sciences (Cardiac Rhythm Device Technology Option),5,2,0,0,0,0
534ADIPMA,Electrical and Computer Engineering Technology (Automation and Instrumentation Option),41,9,0,0,0,0
534BDIPMA,Electrical and Computer Engineering Technology (Electrical Power and Industrial Control Option),42,9,0,0,0,0
534CDIPMA,Electrical and Computer Engineering Technology (Telecommunications and Networks Option),42,5,0,0,0,0
5365ACERT,Digital Media Foundations,7,1,0,0,0,0
5375DIPMA,Chemical and Environmental Engineering Technology,34,5,0,0,0,0
5410DIPLT,Civil Engineering Diploma,36,0,4,0,0,0
5430ACERT,Civil Technology,27,2,0,0,0,0
5430CERT,Civil Technology,33,2,0,0,0,0
5440ADCERT,Geographic Information Systems,7,1,0,0,0,0
5500CERT,Computer Systems,18,2,0,0,0,0
5500DIPMA,Computer Systems Technology,66,5,0,0,0,0
5500PDIPLT,Computer Systems,40,4,0,0,0,0
5512CERT,Applied Data Analytics,21,5,0,0,0,0
5515ACERT,Applied Network Administration and Design,8,2,0,0,0,0
5530ACERT,Agile Development,6,2,0,0,0,0
5540DIPMA,Computer Information Technology,32,5,0,0,0,0
5570ACERT,Computer Aided Design (CAD) Technology,14,2,0,0,0,0
5670ADVDIP,Clinical Genetics Technology,17,3,0,0,0,0
5725ACERT,Computerized Accounting,10,1,0,0,0,0
5755ACERT,Occupational Health and Safety Practitioners,16,2,0,0,0,0
576ADIPMA,Diagnostic Medical Sonography (General Sonography Option),27,4,0,0,0,0
576BDIPMA,Diagnostic Medical Sonography (Cardiac Sonography Option),26,4,0,0,0,0
576CDIPMA,Diagnostic Medical Sonography (General and Cardiac Sonography Option),32,5,0,0,0,0
5810DIPMA,Electroneurophysiology,20,4,0,0,0,0
585CMCERT,Financial Management (Finance Option),37,4,0,0,0,0
585FMCERT,Financial Management (Professional Accounting Option),36,4,0,0,0,0
585IACERT,Financial Management (Financial Planning),8,1,0,0,0,0
5880DIPLT,General Insurance and Risk Management,30,4,0,0,0,0
5985ACERT,User Interface (UI) and User Experience (UX) Design,19,2,0,0,0,0
6005ACERT,Payroll and Human Resources,8,2,0,0,0,0
6008CERT,Payroll Administration,20,2,0,0,0,0
6030CERT,Architectural and Building Technology,36,2,0,0,0,0
6035DIPMA,Accounting,26,4,0,0,0,0
6035PDIPMA,Accounting,38,2,0,0,0,0
6040ACERT,Fundamentals of Water and Wastewater Operations,5,1,0,0,0,0
6045DIPMA,Finance,27,4,0,0,0,0
6045PDIPMA,Finance,43,2,0,0,0,0
6055DIPMA,Financial Planning,27,4,0,0,0,0
6055PDIPMA,Financial Planning,44,2,0,0,0,0
605DDIPMA,Technology Teacher Education,33,4,0,0,0,0
6090CERT,"Essential Technical Skills for Architecture, Construction, and Engineering",10,1,0,0,0,0
6110DIPMA,Radio Arts and Entertainment,25,4,0,0,0,0
6115ACERT,Broadcast and Digital Journalism,22,2,0,0,0,0
6120ACERT,Video Production and Editing,29,2,0,0,0,0
6125ACERT,Radio Arts and Entertainment,26,2,0,0,0,0
6130DIPMA,Television & Video Production,25,4,0,0,0,0
6135DIPMA,Broadcast and Online Journalism,24,4,0,0,0,0
6140DIPMA,Residential Interiors,29,5,0,0,0,0
6185ADCERT,Renewable Energy Electrical Systems Installation & Maintenance,8,1,0,0,0,0
6195CERT,Interior Design Fundamentals,16,3,0,0,0,0
6220FDIPMA,Interior Design,18,3,0,0,0,0
6220PDIPMA,Interior Design,17,2,0,0,0,0
6225ACERT,Global Business Studies,21,4,0,0,0,0
6235DIPMA,Business Information Technology Management,15,2,0,0,0,0
623ADIPMA,Business Information Technology Management (Artificial Intelligence Management Option),15,3,0,0,0,0
623BDIPMA,Business Information Technology Management (Enterprise Systems Management Option),16,3,0,0,0,0
623CDIPMA,Business Information Technology Management (Analytics Data Management Option),16,3,0,0,0,0
6245DIPLT,Business Management,30,4,0,0,0,0
6245MCERT,Business Management,10,2,0,0,0,0
6247DIPMA,Graphic Communications,36,7,0,0,0,0
625AMCERT,Human Resource Management,18,3,0,0,0,0
6265ACERT,Lean Six Sigma Principles,6,1,0,0,0,0
6285CERT,Fire Service Industry Leadership,18,5,0,0,0,0
6290DIPMA,Strategic Human Resources Management,30,4,0,0,0,0
6300MCERT,Marketing Management,32,3,0,0,0,0
630DACERT,Marketing Management - Marketing Communications,14,2,0,0,0,0
630DMCERT,Marketing Management (Marketing Communications Option),29,3,0,0,0,0
630HACERT,Marketing Management - Entrepreneurship,20,2,0,0,0,0
630MACERT,Marketing Management - Sales Skills,13,2,0,0,0,0
630PMCERT,Media Techniques and Marketing Communications,27,1,0,0,0,0
630VMCERT,Marketing Management (Professional Sales Option),28,3,0,0,0,0
630WACERT,Marketing Management - Customer Relationship Marketing,15,2,0,0,0,0
630XACERT,Marketing Management - Public Relations,17,2,0,0,0,0
6310ACERT,Nonprofit Management,19,2,0,0,0,0
6315ACERT,Event Marketing and Planning Foundations,7,1,0,0,0,0
635CDIPLT,Mechanical Engineering Technology (Mechanical Systems Option),30,4,0,0,0,0
635DDIPLT,Mechanical Engineering Technology (Mechanical Design Option),31,4,0,0,0,0
635EDIPLT,Mechanical Engineering Technology (Mechanical Manufacturing Option),30,4,0,0,0,0
6365ACERT,Food Safety,10,2,0,0,0,0
6375ACERT,Digital Marketing Foundations,5,1,0,0,0,0
6385ACERT,Digital Marketing Strategy,9,1,0,0,0,0
6390ACERT,Marketing Management - Fundraising Management,19,2,0,0,0,0
6422DIPMA,Marketing Management,14,2,0,0,0,0
6425ACERT,Technical Writing,16,3,0,0,0,0
642ADIPMA,Marketing Management (Digital Marketing and Brand Strategy Option),13,2,0,0,0,0
642BDIPMA,Marketing Management (Professional Sales Option),14,2,0,0,0,0
642CDIPMA,Marketing Management (Entrepreneurship Option),16,2,0,0,0,0
642DDIPMA,Marketing Management (Professional Real Estate Option),15,2,0,0,0,0
642EDIPMA,Marketing Management (Tourism Marketing and Sales Option),16,2,0,0,0,0
6450MCERT,Media Techniques for Business,33,2,0,0,0,0
6465ACERT,Web and Mobile Application Development,14,2,0,0,0,0
6505ACERT,Graphic Design Foundations,6,1,0,0,0,0
6515DIPMA,Digital Design and Development,32,4,0,0,0,0
6525DIPMA,New Media Design and Web Development,36,5,0,0,0,0
6530CERT,Construction Estimating,19,1,0,0,0,0
6535CERT,Front-End Web Developer,13,1,0,0,0,0
6575DIPMA,"3D Modeling, Art and Animation",28,5,0,0,0,0
6585CERT,Graphic Design,16,1,0,0,0,0
6590ACERT,Tourism and Hospitality,7,2,0,0,0,0
6595DIPMA,Graphic Design and Interactive Media,32,1,0,0,0,0
6615DIPMA,Medical Laboratory Science,30,5,0,0,0,0
6630ACERT,Medical Office Assistant,11,2,0,0,0,0
6635DIPMA,Medical Radiography,30,6,0,0,0,0
6640DIPMA,Mineral Exploration and Mining Technology,35,4,0,0,0,0
6645ADCERT,Bridging Medical Radiography,6,1,0,0,0,0
6705DIPMA,Nuclear Medicine,35,6,0,0,0,0
675FACERT,Fire Protection Inspection and Testing,13,2,0,0,0,0
6760ACERT,Mechanical Systems,15,2,0,0,0,0
680BASCERT,Pediatric Nursing Specialty (Standard Option),23,2,0,0,0,0
680CASCERT,Perinatal Nursing Specialty (Standard Option),14,2,0,0,0,0
680EASCERT,Emergency Nursing Specialty (Standard Option),6,1,0,0,0,0
680FASCERT,Neonatal Nursing Specialty,9,2,0,0,0,0
680LASCERT,Critical Care Nursing Specialty (Combined Critical Care/Emergency Option),7,1,0,0,0,0
680MASCERT,Nephrology Nursing Specialty,7,1,0,0,0,0
680PASCERT,Perioperative Nursing Specialty,10,1,0,0,0,0
680SASCERT,Emergency Nursing Specialty (Combined Emergency/Critical Care Option),8,1,0,0,0,0
680VASCERT,Perinatal Nursing Specialty (Perinatal - Perioperative Option),9,1,0,0,0,0
680WASCERT,High Acuity Nursing Specialty,10,1,0,0,0,0
680XADCERT,Critical Care Nursing Specialty,7,1,0,0,0,0
680YADCERT,Emergency Nursing Specialty (Pediatric Emergency Option),11,1,0,0,0,0
680ZADCERT,Pediatric Nursing Specialty (Critical Care Option),7,1,0,0,0,0
681BADCERT,Pediatric Nursing Specialty (Anesthesia Care Option),7,1,0,0,0,0
6820ASCERT,Cardiovascular Perfusion,16,4,0,0,0,0
6830ACERT,Leadership,18,2,0,0,0,0
6835ADCERT,Pediatric Emergency Nursing Specialty,7,1,0,0,0,0
6850DIPLT,Occupational Health and Safety,41,4,0,0,0,0
6860ADCERT,Health Leadership,8,2,0,0,0,0
6890CERT,Advanced Safety Management,16,3,0,0,0,0
690AMCERT,Operations Management (Industrial Engineering Option),26,2,0,0,0,0
690BMCERT,Operations Management (Management Engineering Option),20,2,0,0,0,0
690DMCERT,Operations Management (Materials Management Option),31,3,0,0,0,0
690FMCERT,Operations Management (Facilities Management Option),17,2,0,0,0,0
6915DIPMA,Operations & Management Engineering,37,4,0,0,0,0
6945CERT,Quality and Process Management,19,2,0,0,0,0
6957ACERT,Applied Web Development,9,2,0,0,0,0
6958ACERT,Applied Software Development (ASD),13,2,0,0,0,0
6992ACERT,Applied Computer Information Systems (ACIS),13,2,0,0,0,0
6994ACERT,Applied Database Administration and Design,12,2,0,0,0,0
6998CERT,Office Administrator with Technology Program (OAT),5,1,0,0,0,0
703ADIPMA,Business Administration (General Option),36,8,0,0,0,0
703BDIPMA,Business Administration (Global Studies Option),25,5,0,0,0,0
703CDIPMA,Business Administration (Human Resources Option),31,4,0,0,0,0
703DDIPMA,Business Administration (Management Option),32,4,0,0,0,0
703EDIPMA,Business Administration (Marketing Option),33,4,0,0,0,0
7100DIPLT,Prosthetics and Orthotics,23,4,0,0,0,0
7110CERT,Technology Support Professional (TSP),11,1,0,0,0,0
7140DIPMA,Architectural and Building Technology,36,4,0,0,0,0
7160ADVDIP,Diagnostic Medical Sonography – Cardiac,10,3,0,0,0,0
7340DIPLT,Mechatronics and Robotics,25,4,0,0,0,0
7460MCERT,International Trade and Transportation Logistics,30,4,0,0,0,0
7475DIPMA,Global Supply Chain Management,37,4,0,0,0,0
7485DIPMA,Forest and Natural Areas Management,30,4,0,0,0,0
7535DIPMA,Geomatics Engineering Technology,25,4,0,0,0,0
7610ACERT,Human Resource Management,9,2,0,0,0,0
7710DIPMA,Construction Management,31,2,0,0,0,0
7870CERT,Construction Supervision,6,2,0,0,0,0
7880ACERT,Construction Operations,6,1,0,0,0,0
7935DIPMA,"Fish, Wildlife and Recreation",28,4,0,0,0,0
7950ASCERT,Magnetic Resonance Imaging,7,1,0,0,0,0
7975DIPMA,Magnetic Resonance Imaging,23,6,0,0,0,0
7985ACERT,Business Fundamentals,19,4,0,0,0,0
8020BENG,Mechanical Engineering,56,9,0,0,0,0
8030BENG,Electrical Engineering,67,10,0,0,0,0
8040BSC,Ecological Restoration,23,5,0,0,0,0
8050BTECH,Architectural Science,20,5,0,0,0,0
810ABSN,"Specialty Nursing (Critical Care - Standard Option), Bachelor of Science in Nursing, Part-time",16,3,0,0,0,0
810BBSN,"Specialty Nursing (Emergency - Standard Option), Bachelor of Science in Nursing, Part-time",18,4,0,0,1,0
810CBSN,"Specialty Nursing (Neonatal), Bachelor of Science in Nursing, Part-time",20,4,0,0,1,0
810DBSN,"Specialty Nursing (Nephrology), Bachelor of Science in Nursing, Part-time",19,3,0,0,0,0
810FBSN,"Specialty Nursing (Pediatric - Standard Option), Bachelor of Science in Nursing, Part-time",32,4,0,0,1,0
810GBSN,"Specialty Nursing (Perinatal - Standard Option), Bachelor of Science in Nursing, Part-time",27,4,0,0,1,0
810HBSN,"Specialty Nursing (Perioperative), Bachelor of Science in Nursing, Part-time",23,3,0,0,0,0
810KBSN,"Specialty Nursing (Critical Care - Combined Critical Care/Emergency Option), Bachelor of Science in Nursing, Part-time",16,3,0,0,0,0
810MBSN,"Specialty Nursing (High Acuity), Bachelor of Science in Nursing, Part-time",19,4,0,0,1,0
810NBSN,"Specialty Nursing (Emergency - Combined Emergency/Critical Care Option), Bachelor of Science in Nursing, Part-time",17,3,0,0,0,0
810QBSN,"Specialty Nursing (Pediatric - Critical Care Option), Bachelor of Science in Nursing, Part-time",16,3,0,0,0,0
810SBSN,"Specialty Nursing (Perinatal - Perioperative Option), Bachelor of Science in Nursing, Part-time",22,3,0,0,0,0
8120BTECH,Environmental Engineering,27,4,0,0,0,0
830ABHSC,Bachelor of Health Science (Magnetic Resonance Imaging Option),14,2,0,0,0,0
8310BTECH,Geographic Information Systems,36,4,0,0,0,0
8350BTECH,Technology Management,31,4,0,0,0,0
847ABTECH,Forensic Investigation (Crime and Intelligence Analysis Option),23,7,0,0,0,0
847BBTECH,Forensic Investigation (Forensic Science Option),36,11,0,0,0,0
847CBTECH,Forensic Investigation (Digital Forensics and Cybersecurity Option),20,4,0,0,0,0
8520BENVH,Environmental Public Health,27,5,0,0,0,0
8610BENG,Mining and Mineral Resource Engineering,63,9,0,0,0,0
8630BACC,Accounting,17,4,0,0,0,0
8645BSC,Geomatics,22,4,0,0,0,0
8650BSC,Radiation Therapy,28,7,0,0,0,0
8660BENG,Civil Engineering Bachelor of Engineering,73,0,18,0,0,0
867ABSC,Applied Computer Science (Games Development Option),20,5,0,0,0,0
867BBSC,Applied Computer Science (Network Security Applications Development Option),20,5,0,0,0,0
867CBSC,Applied Computer Science (Database Option),20,5,0,0,0,0
867DBSC,Applied Computer Science (Human Computer Interface Option),35,4,0,0,0,0
867EBSC,Applied Computer Science (Network Security Administration Option),35,4,0,0,0,0
867FBSC,Applied Computer Science (Wireless and Mobile Applications Development Option),35,4,0,0,0,0
8800BTECH,Construction Management,0,6,0,0,2,1
8830BID,Interior Design,15,6,0,0,0,0
8875BSN,"Nursing, Bachelor of Science in Nursing, Full-time",48,10,0,0,0,0
8900BTECH,Electronics,29,5,0,0,2,0
8910BSC,Honours in Biotechnology,28,5,0,0,0,0
9100FADVDIP,Geographic Information Systems,20,3,0,0,0,0
9100PADVDIP,Geographic Information Systems,33,3,0,0,0,0
9940BSC,Combined Honours in Biochemistry and Forensic Science,58,7,0,14,0,0
9975BBA,Bachelor of Business Administration,56,3,0,0,0,0
9980BCI,Bachelor of Creative Industries,25,6,0,0,0,0
A200GRCERT,Building Energy Modelling,8,3,0,0,0,0
A500GRCERT,Global Leadership,6,2,0,0,0,0
A600GRCERT,Business Analytics,6,2,0,0,0,0
A700GRCERT,Business Administration,6,2,0,0,0,0
M120MENG,Building Science,19,4,0,0,0,0
M220MASC,Building Engineering/Building Science,22,4,0,0,0,0
M410MSC,Ecological Restoration,19,5,0,0,0,0
M500MENG,Smart Grid Systems and Technologies,14,4,0,0,0,0
M600MSC,Applied Computing,12,5,0,0,0,3
