program_id,program_name,revision_id,lifecycle_status,payload_sha256,review_status,human_approved,import_status,source_url,exact_hash_approved,payload_hash_recomputed_matches
0800CM,Introductory Studies in Mass Timber Construction,565,active,07ffc6b5dba5e1ba3f81999a13e8e65c5c9c6aac5ed4c0bb2000a89476eb917a,needs-human-review,True,applied,https://www.bcit.ca/programs/introductory-studies-in-mass-timber-construction-microcredential-part-time-0800cm/,True,True
0801CM,Essentials of Natural Resource and Environmental Protection (MENREP),566,active,c69d34f6cec82fb683a6075f5190756a59764e192f595bc216f71f4e206f9eb3,needs-human-review,True,applied,https://www.bcit.ca/programs/essentials-of-natural-resource-and-environmental-protection-menrep-microcredential-part-time-0801cm/,True,True
0803CM,Script Supervision and Continuity for Film and TV,567,active,ba84bf374231f7b3194fe0619c9293cbdcfe70b26539de95d10b502c7f20624b,needs-human-review,True,applied,https://www.bcit.ca/programs/script-supervision-and-continuity-for-film-and-tv-microcredential-part-time-0803cm/,True,True
0804CM,Forensic Nurse Examiner Education for RNs,342,active,b98703bc184a5af5ff576a27c2b10c97146bfd2ef0e95cc64ae418a429895488,needs-human-review,True,applied,https://www.bcit.ca/programs/forensic-nurse-examiner-education-for-rns-microcredential-part-time-0804cm/,True,True
0805CM,Breast Sonography,449,active,9fa34afc28f067b3a8c981886985975d862e277bdcc8c46efe0192e7a9a21c9c,needs-human-review,True,applied,https://www.bcit.ca/programs/breast-sonography-microcredential-part-time-0805cm/,True,True
0806CM,Musculoskeletal Sonography,450,active,4911f3c9770d8c485d2f368759eed89795512d9f2f79ed25dc23e6b403fbec09,needs-human-review,True,applied,https://www.bcit.ca/programs/musculoskeletal-sonography-microcredential-part-time-0806cm/,True,True
0810CM,Low-Code Mobile Application Development,343,active,397080d56aedd27b7b60111d100c8062bbd5643c0284437af26d14ed9d5f199f,needs-human-review,True,applied,https://www.bcit.ca/programs/low-code-mobile-application-development-microcredential-part-time-0810cm/,True,True
0811CM,Essentials of Data Networks,451,active,8f22d2c6b96d29b0fd14d68ef12a61e2888ebde7725e5811f42173fcb9bfa7d8,needs-human-review,True,applied,https://www.bcit.ca/programs/essentials-of-data-networks-microcredential-part-time-0811cm/,True,True
0812CM,Cybersecurity Analysis for Network Administrators,452,active,dd5ba9368539182809f8982eca07deec432ba81aadd5b30cf9b07dd83ccda4e5,needs-human-review,True,applied,https://www.bcit.ca/programs/cybersecurity-analysis-for-network-administrators-microcredential-part-time-0812cm/,True,True
0813CM,Advanced Forensic Nurse Examiner,344,active,9fcc7202e2c7d95549caa4c9421089d56e7a177a28d41831bd5ac09438fe9fc3,needs-human-review,True,applied,https://www.bcit.ca/programs/advanced-forensic-nurse-examiner-microcredential-part-time-0813cm/,True,True
0814CM,Essential Field Skills for Environmental Professionals,568,active,fc7573526e1fca3a807207c6d401e6f6b8e212b979345879d1fe0b65cac59961,needs-human-review,True,applied,https://www.bcit.ca/programs/essential-field-skills-for-environmental-professionals-microcredential-part-time-0814cm/,True,True
0815CM,Supervising Net-Zero and Passive House Construction,569,active,b483eb0ee5909f6ad9252171cca52535b588727e4e9eefa95c09278d3fe1c813,needs-human-review,True,applied,https://www.bcit.ca/programs/supervising-net-zero-and-passive-house-construction-microcredential-part-time-0815cm/,True,True
0816CM,Applied Circular Economy: Zero Waste Buildings,,,,,,,,False,False
0817CM,Introduction to Forest Health Quantification with RPAS,570,active,ca15cb97bffe418f576f7b0f21d837f3c75fbfa4472bda97af5e703e452f624c,needs-human-review,True,applied,https://www.bcit.ca/programs/introduction-to-forest-health-quantification-with-rpas-microcredential-part-time-0817cm/,True,True
0819CM,Essentials of Net-Zero and Passive House Construction,571,active,ad456059859621d3da89a2e241bc922639c07fc7ebcd73ae2cea517e1f34f98a,needs-human-review,True,applied,https://www.bcit.ca/programs/essentials-of-net-zero-and-passive-house-construction-microcredential-part-time-0819cm/,True,True
0820CM,Cybersecurity Essentials for IT Professionals,345,active,bfe2c52a9956546e821980f16ad396f248e7a39b3252d3bfc9959cba4679346b,needs-human-review,True,applied,https://www.bcit.ca/programs/cybersecurity-essentials-for-it-professionals-microcredential-part-time-0820cm/,True,True
0822CM,Food Safety Preventive Controls and HACCP Plans,453,active,4a0dac84c532f537a8abb7d2bd796bcda0192828254e7daa41816b3cac89e232,needs-human-review,True,applied,https://www.bcit.ca/programs/food-safety-preventive-controls-and-haccp-plans-microcredential-part-time-0822cm/,True,True
0823CM,Food Safety Management,454,active,a7624bd0829db1011a95fd7600f7c03a468def0e8f9923f0fa2ec79ffad9c480,needs-human-review,True,applied,https://www.bcit.ca/programs/food-safety-management-microcredential-part-time-0823cm/,True,True
0824CM,Animal Cell Culture,455,active,c5905eb9376928e9bd8d6e20f0ae056ee1f2965286adf71787bb80313cd5a911,needs-human-review,True,applied,https://www.bcit.ca/programs/animal-cell-culture-microcredential-part-time-0824cm/,True,True
0825CM,Canadian Employment Readiness (CER),456,active,585acb635e1261489dd9d9f7cf3645ce8551e7cdb726b1a04735d604bf1e93aa,needs-human-review,True,applied,https://www.bcit.ca/programs/canadian-employment-readiness-cer-microcredential-part-time-0825cm/,True,True
0826CM,Technical Communication Essentials,224,active,59ac56804d8aefbebf070392463a031c288ff754d8c097fd276c8be31cc03f2f,needs-human-review,True,applied,https://www.bcit.ca/programs/technical-communication-essentials-microcredential-part-time-0826cm/,True,True
0828CM,Student Mobility Preparedness,457,active,aa72b64c5e613ad3d0e15812495696029039b3e7ed0e0c90ae23a188737c59d2,needs-human-review,True,applied,https://www.bcit.ca/programs/student-mobility-preparedness-microcredential-part-time-0828cm/,True,True
0829CM,Building Energy Modelling and Simulation,458,active,ae6d2e718ed2f0f2b06b292d440e51c652c732d001409d7c7b95c7edc8dcef29,needs-human-review,True,applied,https://www.bcit.ca/programs/building-energy-modelling-and-simulation-microcredential-part-time-0829cm/,True,True
0830CM,Whole-Building Life Cycle Assessment Professional,572,active,e7a4d26af2ac1624cda977ddfeed05d245f3bbf5806a7553eaccb9bb5afb9d02,needs-human-review,True,applied,https://www.bcit.ca/programs/whole-building-life-cycle-assessment-professional-microcredential-part-time-0830cm/,True,True
0831CM,Industrial Networking for Cybersecurity Professionals,346,active,6c7abd5fcc116803ff488924d1694d3e5b72acb94f24531fee3fea1d31ddcf95,needs-human-review,True,applied,https://www.bcit.ca/programs/industrial-networking-for-cybersecurity-professionals-microcredential-part-time-0831cm/,True,True
0832CM,Cybersecurity Operations,347,active,8b14e36cfce018d344ba2e772ecdaaa9c4a0ad7da520037d1e7039506cdce227,needs-human-review,True,applied,https://www.bcit.ca/programs/cybersecurity-operations-microcredential-part-time-0832cm/,True,True
0833CM,Forensic Nurse Death Investigator,459,active,440d522d7866db62afb0e2d797a18fb5eba64f794ebbd1edb32bac7a22f233fe,needs-human-review,True,applied,https://www.bcit.ca/programs/forensic-nurse-death-investigator-microcredential-part-time-0833cm/,True,True
0835CM,International Education Practitioner - Foundation,460,active,2fd7ad17229970247733db68a2b3d9f095734037a8986b8801a7fe929f02f222,needs-human-review,True,applied,https://www.bcit.ca/programs/international-education-practitioner-foundation-microcredential-part-time-0835cm/,True,True
0836CM,Drone Applications for Environmental Risk Assessment,573,active,698ab97ba7728e66dd7f6c7f862f4f2e49db51d524210dc57b00b044d39be271,needs-human-review,True,applied,https://www.bcit.ca/programs/drone-applications-for-environmental-risk-assessment-microcredential-part-time-0836cm/,True,True
0837CM,Foundational Digital Forensics Skills,461,active,82b4dd0ba841a24efab277dfab8f6dbef845401c0299c5dc5f6a49966c6205e0,needs-human-review,True,applied,https://www.bcit.ca/programs/foundational-digital-forensics-skills-microcredential-part-time-0837cm/,True,True
0838CM,Automotive Service Management Essentials,462,active,90af406c2e06cbd8b2839d5abd66c5bff7af6888b7a9853da2a4a670d0559b15,needs-human-review,True,applied,https://www.bcit.ca/programs/automotive-service-management-essentials-microcredential-part-time-0838cm/,True,True
0839CM,"Fiber Optics - Principles, Installation and Repair",348,active,634fa0c07ede086dd4f0b0b71f8fceefdb1b1d813289cf95826e0864cede7d66,needs-human-review,True,applied,https://www.bcit.ca/programs/fiber-optics-principles-installation-and-repair-microcredential-part-time-0839cm/,True,True
0840CM,Introduction to Full-Stack Web Development,463,active,b4962eaed2816c0b9febde336b97f45491272ee1ac4c7c5bfa3d632d3bcb7ace,needs-human-review,True,applied,https://www.bcit.ca/programs/introduction-to-full-stack-web-development-microcredential-part-time-0840cm/,True,True
0841CM,Web Development Foundations (WDF),464,active,4fc887cc22bf5d40d268587b589af98ab3d1284cca8210b06d70ef829c54070f,needs-human-review,True,applied,https://www.bcit.ca/programs/web-development-foundations-wdf-microcredential-part-time-0841cm/,True,True
0842CM,Data Visualization with MS Power BI,465,active,5f9147c6ac9daf75ce5858921b5a1628841f2b30284a71c14b295dcdb9a3439c,needs-human-review,True,applied,https://www.bcit.ca/programs/data-visualization-with-ms-power-bi-microcredential-part-time-0842cm/,True,True
0843CM,Spanish Language and Culture Fundamentals,466,active,dbc5cd8d7a53d7215e9eb92b8631ea86c84470d15728619cf764bae52da69597,needs-human-review,True,applied,https://www.bcit.ca/programs/spanish-language-and-culture-fundamentals-microcredential-part-time-0843cm/,True,True
0844CM,Fundamentals of Virtual Containers,467,active,aed2a806da91478dfd028c5f233245ea21ccae8d19c215eb77414b34586b11dc,needs-human-review,True,applied,https://www.bcit.ca/programs/fundamentals-of-virtual-containers-microcredential-part-time-0844cm/,True,True
0845CM,Network Switching and Routing,349,active,ae8af43c81409fcdc1f17928fcf5bb87eb6610dbd5c3c8deff1dc977630e1ab0,needs-human-review,True,applied,https://www.bcit.ca/programs/network-switching-and-routing-microcredential-part-time-0845cm/,True,True
0846CM,Sterile Field and the Aseptic Environment,468,active,8fe615851b041c95955c8c92b8e4665ad453fc3fb3f51c21321516c77d776c91,needs-human-review,True,applied,https://www.bcit.ca/programs/sterile-field-and-the-aseptic-environment-microcredential-part-time-0846cm/,True,True
0847CM,Wind Turbine Essentials,469,active,3e762c114b47063ae7dac363789c00a7f9ac8a3137bbd43ccbb5e3fd2d7aade8,needs-human-review,True,applied,https://www.bcit.ca/programs/wind-turbine-essentials-microcredential-part-time-0847cm/,True,True
0848CM,Advanced Topics in Networking,470,active,fda6622eeb0a647b9cad8b38d801586158bab0b1ec535cb3aea75ea7f1e0f9d0,needs-human-review,True,applied,https://www.bcit.ca/programs/advanced-topics-in-networking-microcredential-part-time-0848cm/,True,True
0849CM,Asbestos Awareness and Safety,471,active,3e04b588bd357cbb07f10fc6e0b7106a38e946a4606e6015080bf4a67b23f1f1,needs-human-review,True,applied,https://www.bcit.ca/programs/asbestos-awareness-and-safety-microcredential-part-time-0849cm/,True,True
0850CM,Fraud and Financial Crime Investigation,472,active,afec0c3ad4d49c9865b3e066c85c8fb988b0cbb9ca53c7234f088c89f067b969,needs-human-review,True,applied,https://www.bcit.ca/programs/fraud-and-financial-crime-investigation-microcredential-part-time-0850cm/,True,True
0851CM,Aircraft Defect Inspection and Reporting Techniques,473,active,043629eacea5f6aafa1f9d468c553becba3b4429a1a14b6272a8a79215a7c9c4,needs-human-review,True,applied,https://www.bcit.ca/programs/aircraft-defect-inspection-and-reporting-techniques-microcredential-part-time-0851cm/,True,True
0852CM,Canadian Engineering Professional Practice,474,active,d2c7d062f87908783c9d6d23ae8b1ffcc41cb0ae13a5a8766df7ba9f208b01d9,needs-human-review,True,applied,https://www.bcit.ca/programs/canadian-engineering-professional-practice-microcredential-part-time-0852cm/,True,True
0853CM,Principles of Regenerative Building,574,active,a1a4895df4da3e5fdb8aa41f0a23bb07b27c7a0cb81ab0710261261f93a64047,needs-human-review,True,applied,https://www.bcit.ca/programs/principles-of-regenerative-building-microcredential-part-time-0853cm/,True,True
0854CM,Essentials of Community Energy and Emissions Management,575,active,a4e1eede673be1d3d09cbfe32ef8d1b6dfbe1cd58c331c189874b41b13a32c7b,needs-human-review,True,applied,https://www.bcit.ca/programs/essentials-of-community-energy-and-emissions-management-microcredential-part-time-0854cm/,True,True
0855CM,Thermal Power Plant Simulation Proficiency,475,active,dd63adb21b11be3304c7068d11894121ab63fa12f70ca63dfe2434bbf0e2fa11,needs-human-review,True,applied,https://www.bcit.ca/programs/thermal-power-plant-simulation-proficiency-microcredential-part-time-0855cm/,True,True
0856CM,Retrofit Solutions for Rural Communities,576,active,96b9f5b901f32352cf6d5a10a96661ca14fdfe27466ace739a66f87ebd86f3ed,needs-human-review,True,applied,https://www.bcit.ca/programs/retrofit-solutions-for-rural-communities-microcredential-part-time-0856cm/,True,True
0857CM,Automotive Collision Estimator,476,active,b65618e97e62275115cf5060a6073e7e9cac3dc39b0464950c1ce7def9602cb8,needs-human-review,True,applied,https://www.bcit.ca/programs/automotive-collision-estimator-microcredential-part-time-0857cm/,True,True
0859CM,Sexual and Reproductive Health Foundations,577,active,2f862cf7de3c1e65bb314b3291d603de54bbefbd7e1fc3d4f2bad7e64879fc2a,needs-human-review,True,applied,https://www.bcit.ca/programs/sexual-and-reproductive-health-foundations-microcredential-part-time-0859cm/,True,True
0860CM,Heat Pump Maintenance and Troubleshooting,477,active,17ffc8370690b495b58d9323ef15393c2c9fdaa4d5e41b33150f705470ffebb2,needs-human-review,True,applied,https://www.bcit.ca/programs/heat-pump-maintenance-and-troubleshooting-microcredential-part-time-0860cm/,True,True
0861CM,Climate Changemakers Leadership Training,578,active,82aa92e41589c5796a0d3310cd702b13a29585e1fcbf22dd3c8be65453fe36ae,needs-human-review,True,applied,https://www.bcit.ca/programs/climate-changemakers-leadership-training-microcredential-part-time-0861cm/,True,True
0862CM,Residential Air to Air Heat Pump Specialist,579,active,97831c8549ca48d13858bca15656fc77eff5ddc325958faa3d9cf2e1e29a2fc6,needs-human-review,True,applied,https://www.bcit.ca/programs/residential-air-to-air-heat-pump-specialist-microcredential-part-time-0862cm/,True,True
0864CM,Marine Business Essentials,266,active,123b206b05e384dd10af9a6299aa7c6394eb3926dd72539b85e57a1b85ac73b7,needs-human-review,True,applied,https://www.bcit.ca/programs/marine-business-essentials-microcredential-part-time-0864cm/,True,True
0865CM,Introduction to Power Systems Protection Design,478,active,bb5653133266a67de86aa3d778c00dff7345fc600fbb710e784a7255b32f0e9d,needs-human-review,True,applied,https://www.bcit.ca/programs/introduction-to-power-systems-protection-design-microcredential-part-time-0865cm/,True,True
0866CM,Distribution Design for Electrical Utilities,479,active,38f2009012fda1f2bc5e760767e942abf1c7b347e8456f14a78388d1f5a34577,needs-human-review,True,applied,https://www.bcit.ca/programs/distribution-design-for-electrical-utilities-microcredential-part-time-0866cm/,True,True
0869CM,Occupational Health and Safety Essentials,580,active,56261e025f4125f868bdd9b336de647eb930b59abb79775a30053613a6838bb2,needs-human-review,True,applied,https://www.bcit.ca/programs/occupational-health-and-safety-essentials-microcredential-part-time-0869cm/,True,True
0870CM,Sexual Health Rehabilitation,581,active,7d28bbe9798f5d79c32e5471864cb7de30e086e366e654a164284c2ca7f5e04a,needs-human-review,True,applied,https://www.bcit.ca/programs/sexual-health-rehabilitation-microcredential-part-time-0870cm/,True,True
0872CM,Techniques for Crime & Intelligence Analysts (TCIA),480,active,e420d479a0ef887c652f7365f66da96d8dbaccc3b06cefa6d14d32f4a62c5937,needs-human-review,True,applied,https://www.bcit.ca/programs/techniques-for-crime-and-intelligence-analysts-tcia-microcredential-part-time-0872cm/,True,True
0873CM,Fundamentals in Polytechnic Teaching,481,active,023a08361df0de040f1664ac3ec5bb0472b7580b3dd8f74e2e7c196731d3a029,needs-human-review,True,applied,https://www.bcit.ca/programs/fundamentals-in-polytechnic-teaching-microcredential-part-time-0873cm/,True,True
0874CM,"Fundamentals in Architecture, Construction, and Engineering",582,active,d757c3e3dcf1e79904e5e44af58ba67a0dd4ebc2709fdd84ff8a58e7b4848fd1,needs-human-review,True,applied,https://www.bcit.ca/programs/fundamentals-in-architecture-construction-and-engineering-microcredential-part-time-0874cm/,True,True
0875CM,Applied Additive Manufacturing,482,active,e058f1f703b54b6fc1144fa9c2ce8f17de9fba453a02ad1a05c3f13047562fbe,needs-human-review,True,applied,https://www.bcit.ca/programs/applied-additive-manufacturing-microcredential-part-time-0875cm/,True,True
0876CM,Applied Mass Timber Engineering,255,active,580c3d4d07c508918eec661f790ce90d4b8b971660e44af19176fadf6cd424f0,needs-human-review,True,applied,https://www.bcit.ca/programs/applied-mass-timber-engineering-microcredential-part-time-0876cm/,True,True
100ADIPMA,Airline and Flight Operations Commercial Pilot (Fixed-Wing),260,active,85291ba7138b91ff911ffab182452e51bd5cb055c2452f2585b738b4163891f1,needs-human-review,True,applied,https://www.bcit.ca/programs/airline-and-flight-operations-commercial-pilot-fixed-wing-diploma-full-time-100adipma/,True,True
100BDIPMA,Airline and Flight Operations Commercial Pilot (Rotary-Wing),329,active,9affe02a295ab46daee5299981daf2908575bc9397a07ac773ae0d41cccac980,needs-human-review,True,applied,https://www.bcit.ca/programs/airline-and-flight-operations-commercial-pilot-rotary-wing-diploma-full-time-100bdipma/,True,True
1030CERTTS,Aircraft Gas Turbine Technician,483,active,0b4ded6a0a097a2ba91b92f1f3631d4f10898b483398ce77b3106f0a896ca64b,needs-human-review,True,applied,https://www.bcit.ca/programs/aircraft-gas-turbine-technician-certificate-full-time-1030certts/,True,True
1070ACERT,Airport Operations,350,active,1a6af8b8135a9cf45c2f50f8e28724c6cee11ebf83511d06e248618ffea07cc8,needs-human-review,True,applied,https://www.bcit.ca/programs/airport-operations-associate-certificate-part-time-1070acert/,True,True
1155ACERT,Construction Drawings,484,active,a688cc3f6d796da093fa5e6499df04796f846bdadfe098613da3562c3c6d8b66,needs-human-review,True,applied,https://www.bcit.ca/programs/construction-drawings-associate-certificate-part-time-1155acert/,True,True
1165DIPMA,Aircraft Maintenance Engineer Category ‘E’ (Electronics),19,active,e04934e8968221335a75793aeb6dc9ca22a03523aa91a48ef777c50ecadddf80,needs-human-review,False,applied,https://www.bcit.ca/programs/aircraft-maintenance-engineer-category-e-electronics-diploma-full-time-1165dipma/,True,True
1175DIPMA,Aviation Management and Operations,328,active,def60d942f948334db6570e6399d4499f35b57c14f2766878ca62abd3a0549c2,needs-human-review,True,applied,https://www.bcit.ca/programs/aviation-management-and-operations-diploma-full-time-1175dipma/,True,True
1180ACERT,Trades Discovery General,324,active,ae8c6aeb9e8c0b391674ac74e55cf1f6b20756b2fe0513d167565407564756a4,needs-human-review,True,applied,https://www.bcit.ca/programs/trades-discovery-general-associate-certificate-full-time-1180acert/,True,True
1190ACERT,Trades Discovery for Women,351,active,dcf22b0361d23c3b26aea79d5d5af85564e33af4a20c651ec939ec1bf5c04c6c,needs-human-review,True,applied,https://www.bcit.ca/programs/trades-discovery-for-women-associate-certificate-full-time-1190acert/,True,True
1195IPCERT,Advanced Gas Turbine,352,active,aaa8473b60d7101546c17e385f15d62d09428eacc90abce6afd6790563ad6152,needs-human-review,True,applied,https://www.bcit.ca/programs/advanced-gas-turbine-bcit-industry-partnership-certificate-full-time-1195ipcert/,True,True
1205DIPMA,Aircraft Maintenance Engineer Category 'S' (Structures),21,active,6f2300fa0b840dea6a3b98c17687690d69ded500b24ae7556ae6fbe4a251bb19,needs-human-review,False,applied,https://www.bcit.ca/programs/aircraft-maintenance-engineer-category-s-structures-diploma-full-time-1205dipma/,True,True
1230DIPMA,Aircraft Maintenance Engineer Category 'M' (Maintenance),20,active,cbb9c766cf5e37f0c18ea11941146323cebf972f47a8f719c6799797e9c356fe,needs-human-review,False,applied,https://www.bcit.ca/programs/aircraft-maintenance-engineer-category-m-maintenance-diploma-full-time-1230dipma/,True,True
1255CERT,Auto Body Repair and Refinishing Technician Foundation,353,active,6279c9ba3f94e1ffcee83c1a8a802e5d82399c15ea839d8d05ab4ccfb9975318,needs-human-review,True,applied,https://www.bcit.ca/programs/auto-body-repair-and-refinishing-technician-foundation-certificate-full-time-1255cert/,True,True
1320ADCERT,Automated Controls Installation and Maintenance,354,active,37e5182ff30a29abc1e3f0f068976b45d842307c9c419e063cccdc8d7d1ca387,needs-human-review,True,applied,https://www.bcit.ca/programs/automated-controls-installation-and-maintenance-advanced-certificate-part-time-1320adcert/,True,True
1355TTCERT,Automotive Technician Foundation,355,active,76c4f3a2a700b5211fe15a85696eff272f2425c22089892931b34ec139db30cd,needs-human-review,True,applied,https://www.bcit.ca/programs/automotive-technician-foundation-certificate-full-time-1355ttcert/,True,True
1360CERT,Automotive Technician (Honda/Acura Foundation),485,active,8af4cabb606eab1223b6620d504fcdba5c73c33743b6d63c9bfe44cee50b29d9,needs-human-review,True,applied,https://www.bcit.ca/programs/automotive-technician-honda-acura-foundation-certificate-full-time-1360cert/,True,True
1375TTCERT,Automotive Technician (Toyota Foundation),486,active,c001cf3ba6744b4b2c9c497c9625267d8392d86d6d6ef662933ebd341e47ee98,needs-human-review,True,applied,https://www.bcit.ca/programs/automotive-technician-toyota-foundation-certificate-full-time-1375ttcert/,True,True
1430DIPMA,Automotive Service Technician and Operations,487,active,f53c3ffe0f995d79a9d62371c061fb4f808bc1a42ba854b7d12e1fa309d233b5,needs-human-review,True,applied,https://www.bcit.ca/programs/automotive-service-technician-and-operations-diploma-full-time-1430dipma/,True,True
143ADIPMA,Automotive Service Technician and Operations (Ford ASSET Option),488,active,ae9bb0ee95c3f21e17d567b1916fc4dc960257c3f120715c1f353d47155541e7,needs-human-review,True,applied,https://www.bcit.ca/programs/automotive-service-technician-and-operations-ford-asset-option-diploma-full-time-143adipma/,True,True
143BDIPMA,Automotive Service Technician and Operations - Non-Co-op Option,489,active,12aa1418a4ac07049774caeda75d7067d109e090c77b58d2854e569fa67c71af,needs-human-review,True,applied,https://www.bcit.ca/programs/automotive-service-technician-and-operations-non-co-op-option-diploma-full-time-143bdipma/,True,True
1450TTCERT,Boilermaker Foundation,325,active,e3eecdf6f8f5637a1b6dcf164f7a4bd5550ad21723061771ebcbc7e9101ad67b,needs-human-review,True,applied,https://www.bcit.ca/programs/boilermaker-foundation-certificate-full-time-1450ttcert/,True,True
1525TTDIPL,CNC Machinist Technician,327,active,fef495c1742425f66c5c06cbed0e562dd8d93e8fd77e88865c935fa38e2e67b0,needs-human-review,True,applied,https://www.bcit.ca/programs/cnc-machinist-technician-diploma-full-time-1525ttdipl/,True,True
1645CERT,Carpentry Framing and Forming Foundation,490,active,fa6ca35e23b270e6971e6cbea1303629f6a7a31ecd87ae7ba8b1fe8c36e4a96a,needs-human-review,True,applied,https://www.bcit.ca/programs/carpentry-framing-and-forming-foundation-certificate-full-time-1645cert/,True,True
1685ACERT,Railway Conductor and Operations,356,active,77a07ec5348252e0508405b28ffb57350faf0c1898378d47be8ad9d157f4f477,needs-human-review,True,applied,https://www.bcit.ca/programs/railway-conductor-and-operations-associate-certificate-part-time-1685acert/,True,True
1710CERTTS,Architectural and Structural CADD and Graphics Technician (Structural Option),357,active,84cfd7ca3d42b7fd557534c399f901f8cf0bf00d401b691dd584f326176215c2,needs-human-review,True,applied,https://www.bcit.ca/programs/architectural-and-structural-cadd-and-graphics-technician-structural-option-certificate-full-time-1710certts/,True,True
1720CERTTS,Architectural and Structural CADD and Graphics Technician (Architectural Option),491,active,d0513e725f4e34fbc07d37ed2400fb63fe8d600efd227c0ec81ba68ca009f8ab,needs-human-review,True,applied,https://www.bcit.ca/programs/architectural-and-structural-cadd-and-graphics-technician-architectural-option-certificate-full-time-1720certts/,True,True
1780CERT,Electrical Foundation,326,active,ceb083481671e76053869f56ad9c46183fc317fc35c656a8c6918c65a9d2f477,needs-human-review,True,applied,https://www.bcit.ca/programs/electrical-foundation-certificate-full-time-1780cert/,True,True
1790ACERT,Hydronic Technician,358,active,e76e58803f13542d1f9e5ec755e9c12e163d7028a5248628110e5bac573b6fc5,needs-human-review,True,applied,https://www.bcit.ca/programs/hydronic-technician-associate-certificate-part-time-1790acert/,True,True
1855DIPMA,Heavy Duty Truck Technology,492,active,d1e6ab5eaf17cf68477d1841a8a1dca8b125e05cabcc40b6ee98dfcd19f8d616,needs-human-review,True,applied,https://www.bcit.ca/programs/heavy-duty-truck-technology-diploma-full-time-1855dipma/,True,True
1885ACERTS,Network Administrator Technician,493,active,5b61edc0a90d0c82e1fe1ebdfea2964e3aa50893e26445a1338c1ba16f852b77,needs-human-review,True,applied,https://www.bcit.ca/programs/network-administrator-technician-associate-certificate-part-time-1885acerts/,True,True
1920CERT,Marine Mechanical Technician Foundation,359,active,6ffcc7963d5262d0c0b82bf95824bc3b061098b1931ec026314d856233361b00,needs-human-review,True,applied,https://www.bcit.ca/programs/marine-mechanical-technician-foundation-certificate-full-time-1920cert/,True,True
1930DIPMA,Computer Information Systems Administration,301,active,66988ded696742d0711b18535a5db0195e06b21d2633d73473dc63ccdcff7be0,needs-human-review,True,applied,https://www.bcit.ca/programs/computer-information-systems-administration-diploma-full-time-1930dipma/,True,True
1940CERT,Heavy Mechanical Trades Foundation,360,active,205f5e0284ba52b52e9ba542356cfa6c188a6e37efe80357cc9fc1a75291f94d,needs-human-review,True,applied,https://www.bcit.ca/programs/heavy-mechanical-trades-foundation-certificate-full-time-1940cert/,True,True
2000TTCERT,Ironworker Foundation,361,active,c7a80ca36da4ddcf0912600dedc730e1e72c087bfb603d131732bd66e063eea2,needs-human-review,True,applied,https://www.bcit.ca/programs/ironworker-foundation-certificate-full-time-2000ttcert/,True,True
2020CERTTS,Chief Mate,362,active,e347ba5e9bf8c2840406aa47bd4e7a4b889c249e7ee205e76630d34e320efba0,needs-human-review,True,applied,https://www.bcit.ca/programs/chief-mate-certificate-part-time-2020certts/,True,True
2060CERT,Cabinetmaker (Joiner) Foundation,363,active,3468071e61ac337baeb0037392518b18e55cb93db428ec3a690350161f9e1415,needs-human-review,True,applied,https://www.bcit.ca/programs/cabinetmaker-joiner-foundation-certificate-full-time-2060cert/,True,True
2175TTCERT,Machinist Foundation,364,active,6aebdab79b8390b7de062e7b31cec31695f3c9eb6a3ac4cbefb6a918828834eb,needs-human-review,True,applied,https://www.bcit.ca/programs/machinist-foundation-certificate-full-time-2175ttcert/,True,True
2230CERT,Millwright Foundation,365,active,34d7f19ea22df13ad3c3d007acef043892fbddf601f9f8da4a3fad247cd4210c,needs-human-review,True,applied,https://www.bcit.ca/programs/millwright-foundation-certificate-full-time-2230cert/,True,True
2365CERT,Motorcycle Technician Foundation,366,active,4e3c2696dbf04c2cfa27247ff672ea1a6745218672f49bfbd87a42d120bee26f,needs-human-review,True,applied,https://www.bcit.ca/programs/motorcycle-technician-foundation-certificate-full-time-2365cert/,True,True
2410TTCERT,Power Engineering (General Program),367,active,0764dff41eddc404135ca5fc37474e092d41e14066e68e94077079d73a705de1,needs-human-review,True,applied,https://www.bcit.ca/programs/power-engineering-general-program-certificate-full-time-2410ttcert/,True,True
2425CERT,Refrigeration and Air Conditioning Mechanic Foundation,368,active,66df34ff4274a6a3d4b5f074717ff04d10e45692395a5bd3593c43dec35f104a,needs-human-review,True,applied,https://www.bcit.ca/programs/refrigeration-and-air-conditioning-mechanic-foundation-certificate-full-time-2425cert/,True,True
2430DIPMA,Power and Process Engineering,263,active,288f022de8fe90d8db1706b534a801f011e51b2586af73a109f5ecb453536e7e,needs-human-review,True,applied,https://www.bcit.ca/programs/power-and-process-engineering-diploma-full-time-2430dipma/,True,True
2440CERT,Piping Foundation,494,active,7c6ee1383ed98c3d93e4325a2e7947992dd6d02582fdad7b1841e2ce966abb10,needs-human-review,True,applied,https://www.bcit.ca/programs/piping-foundation-certificate-full-time-2440cert/,True,True
2505ACERTS,Master 150GT Domestic,369,active,e976ca353c8e71a09e3368cc84688512e32ad049f4884c8bbb07b0c94a646bf3,needs-human-review,True,applied,https://www.bcit.ca/programs/master-150gt-domestic-associate-certificate-part-time-2505acerts/,True,True
2515ACERTS,Master 500GT Domestic,370,active,cd21413d7b1be1fa45d22929a6acc28e057827263e9c1368b334bedbb53f4427,needs-human-review,True,applied,https://www.bcit.ca/programs/master-500gt-domestic-associate-certificate-part-time-2515acerts/,True,True
2522CERTTS,Master 3000GT Domestic,371,active,181f6d3a68ca13f40b3c1244ca525f5cd3a97dc9275e985d1d164b79b4b09b8d,needs-human-review,True,applied,https://www.bcit.ca/programs/master-3000gt-domestic-certificate-part-time-2522certts/,True,True
2536DIPMA,Nautical Sciences,261,active,b46fb59c055ea44d71ef4acccf1566866f607dfa6c188cbb4b118f6dd3db7cfe,needs-human-review,True,applied,https://www.bcit.ca/programs/nautical-sciences-diploma-full-time-2536dipma/,True,True
2542CERTTS,Watchkeeping Mate Near Coastal (WKMNC),495,active,170628f0e6e74429d3dd5d4e4ab2a41be1c333b3dbacb382ac874f5725e9f90f,needs-human-review,True,applied,https://www.bcit.ca/programs/watchkeeping-mate-near-coastal-wkmnc-certificate-part-time-2542certts/,True,True
2645CERT,Sheet Metal Worker Foundation,496,active,2c08fc8560b70025e0d8f5e35f3e07028f7198a04aa8b3eada43e1746309e748,needs-human-review,True,applied,https://www.bcit.ca/programs/sheet-metal-worker-foundation-certificate-full-time-2645cert/,True,True
2825CERT,Metal Fabricator Foundation,497,active,81c24e083b124ab5f9a6045aea02e4a56a38d6702208c32228b4e815572fb62f,needs-human-review,True,applied,https://www.bcit.ca/programs/metal-fabricator-foundation-certificate-full-time-2825cert/,True,True
2847CERT,Welder Foundation,498,active,edb9c862f2587f5430d693240847fea20f03ab839123cca13f0e38dd379d2a58,needs-human-review,True,applied,https://www.bcit.ca/programs/welder-foundation-certificate-full-time-2847cert/,True,True
2860TTCERT,"Welding, Level B",499,active,0ff4b635e7d0856cb312744fd2511c18635f5dd440e3e927427435c9a37a719c,needs-human-review,True,applied,https://www.bcit.ca/programs/welding-level-b-certificate-full-time-2860ttcert/,True,True
2870TTCERT,"Welding, Level A",500,active,4cd96094ecda9a10d66e39dd7a23ca5fe82e9a1ae84cebee0ada7c08609643aa,needs-human-review,True,applied,https://www.bcit.ca/programs/welding-level-a-certificate-full-time-2870ttcert/,True,True
2885ADVDIP,Marine Engineering,372,active,fb0c230cce1ad60d31ad096d448163bbf462a3c986134d4d70ebc38b0cfc5b93,needs-human-review,True,applied,https://www.bcit.ca/programs/marine-engineering-advanced-diploma-full-time-2885advdip/,True,True
2915CERT,Security Systems Technician,501,active,6f0d318458fe2a8f4f8935e8472a508f8e4f57020faebaff49c82563193adae8,needs-human-review,True,applied,https://www.bcit.ca/programs/security-systems-technician-certificate-full-time-2915cert/,True,True
2933ACERT,Bridge Watch Rating,373,active,a8eb7240c477806ef963f74d4619d3aa380f4161df98e38e9d60475e0e2d7381,needs-human-review,True,applied,https://www.bcit.ca/programs/bridge-watch-rating-associate-certificate-full-time-2933acert/,True,True
2942DIPMA,Marine Engineering,262,active,893f08146ce0a1e4c8f81ac074407ba04fb80b45d6c65f46a0dc51fde5018b34,needs-human-review,True,applied,https://www.bcit.ca/programs/marine-engineering-diploma-full-time-2942dipma/,True,True
2945DIPMA,Industrial Instrumentation and Process Control Technician,374,active,9bbafff78ee58f2a7297e4ffb47eefbf79867da0b417eab3c25f0cac5b4b5175,needs-human-review,True,applied,https://www.bcit.ca/programs/industrial-instrumentation-and-process-control-technician-diploma-full-time-2945dipma/,True,True
2958CERT,"Heating, Ventilation, Air Conditioning and Refrigeration Technician",375,active,5853f68cb9ffd2b53ae32fd1b72ff82f8d0e67cfe46c2d542f4207f350090316,needs-human-review,True,applied,https://www.bcit.ca/programs/heating-ventilation-air-conditioning-and-refrigeration-technician-certificate-full-time-2958cert/,True,True
2992DIPMA,"Heating, Ventilation, Air Conditioning and Refrigeration Technician",376,active,56cc3500b303fbde38c59dc9a1cd547b16ab898550415424e477a7b1bc529564,needs-human-review,True,applied,https://www.bcit.ca/programs/heating-ventilation-air-conditioning-and-refrigeration-technician-diploma-full-time-2992dipma/,True,True
5063DIPMA,Biomedical Engineering Technology,280,active,5dc8ab495b700a562445edd2c2fa37c64b27b7c48c12eeeafbe37f0c13bce8b8,needs-human-review,True,applied,https://www.bcit.ca/programs/biomedical-engineering-technology-diploma-full-time-5063dipma/,True,True
5077CERT,Event Marketing and Management Strategy,502,active,f8edc83ef5e0a7d2b189d39543a5f222c91b40aaf52935ce007109d6a2282ef9,needs-human-review,True,applied,https://www.bcit.ca/programs/event-marketing-and-management-strategy-certificate-part-time-5077cert/,True,True
5085ACERT,Project Management,503,active,9605bd3fcca82eff956a0c60d7080c9ac1d886bf59d2f73701eda9ebef40afac,needs-human-review,True,applied,https://www.bcit.ca/programs/project-management-associate-certificate-part-time-5085acert/,True,True
5105DIPMA,Digital Communications and Wireless Technologies,307,active,8fb7d456e2f44bb6f4c3383d38d850caeb9695511f590fff0312a157d3e63bb8,needs-human-review,True,applied,https://www.bcit.ca/programs/digital-communications-and-wireless-technologies-diploma-full-time-5105dipma/,True,True
5115ACERT,Music Business,292,active,907f7c5b7799e89877b7a10f09eccbb483fe3d339c3c243f5e739dacd94a17cd,needs-human-review,True,applied,https://www.bcit.ca/programs/music-business-associate-certificate-part-time-5115acert/,True,True
5125ACERT,Business of Sawmilling,377,active,6359a3bf0b71a53c413ce3c03a635c46004971565b63ed52953b78546aab36df,needs-human-review,True,applied,https://www.bcit.ca/programs/business-of-sawmilling-associate-certificate-part-time-5125acert/,True,True
5140ACERT,Business Administration,293,active,9a98227c9e0788d8d6bb2ee697992d0c519a9f2817c19432f18c12365f40c24c,needs-human-review,True,applied,https://www.bcit.ca/programs/business-administration-associate-certificate-part-time-5140acert/,True,True
5145ADCERT,Sustainable Business,378,active,042dced850cfe7ebad41109d547913a98c299e61a42e9becfe82780a6303bdc5,needs-human-review,True,applied,https://www.bcit.ca/programs/sustainable-business-advanced-certificate-part-time-5145adcert/,True,True
5155DIPMA,"Food Processing, Safety, and Quality",286,active,66070e672237fcd0728b5966fb33d69e486b8d4c7005b3ed111e987147a86396,needs-human-review,True,applied,https://www.bcit.ca/programs/food-processing-safety-and-quality-diploma-full-time-5155dipma/,True,True
515GACERT,Building Construction Technology,379,active,d18c0bb424a9d67a69007630661cdce4ccd8f86ddcaa1d4f2e469fc52afaeeaf,needs-human-review,True,applied,https://www.bcit.ca/programs/building-construction-technology-associate-certificate-part-time-515gacert/,True,True
515HACERT,Building Design and Architectural CAD,504,active,a89716bccc5389a79460e40e52e2992d08a23b714ceaa3d2bdf60b72dd61a228,needs-human-review,True,applied,https://www.bcit.ca/programs/building-design-and-architectural-cad-associate-certificate-part-time-515hacert/,True,True
5160ACERT,Industrial Wood Processing,505,active,b472018dec318d0a9958372cfe4f5e2013eba829c4761b861e98b14af4fa234b,needs-human-review,True,applied,https://www.bcit.ca/programs/industrial-wood-processing-associate-certificate-part-time-5160acert/,True,True
5165ADCERT,Digital Health,300,active,663d6a77fa357c39dfdc1f063dd95ecbd095b46d5293b6e872e57120a610a419,needs-human-review,True,applied,https://www.bcit.ca/programs/digital-health-advanced-certificate-part-time-5165adcert/,True,True
5170ACERT,Healthcare Unit Clerk,380,active,e4fbfa5682f1c85ab3b4288dab80be41eb51b0e4c751b02ec58198efd4e22431,needs-human-review,True,applied,https://www.bcit.ca/programs/healthcare-unit-clerk-associate-certificate-part-time-5170acert/,True,True
5175ACERT,Polytechnic Teaching,506,active,5e6f7ba7dc9b70b93261b435c407e4370ee5da149feb96d32981d3ab310b2c46,needs-human-review,True,applied,https://www.bcit.ca/programs/polytechnic-teaching-associate-certificate-part-time-5175acert/,True,True
5180ADVDIP,Sustainable Business Leadership,381,active,5d4eb9b8811e3df392da14d35592c965f5481eddb1750b0c313060ce28f2d216,needs-human-review,True,applied,https://www.bcit.ca/programs/sustainable-business-leadership-advanced-diploma-full-time-5180advdip/,True,True
5180PADVDIP,Sustainable Business Leadership,382,active,1428ee1e0193bc8ec0ae5376832bfbd00f5002602d9cbfb5e6f52fbda9c9bca9,needs-human-review,True,applied,https://www.bcit.ca/programs/sustainable-business-leadership-advanced-diploma-part-time-5180padvdip/,True,True
5205ACERT,Business Analysis,383,active,4ca9d25a2dabc3fd28faf18834bfa0e97f5e89e5d75bb3683f580fd9b1a33e2c,needs-human-review,True,applied,https://www.bcit.ca/programs/business-analysis-associate-certificate-part-time-5205acert/,True,True
5225ACERT,Construction of Mass Timber Structures,384,active,8647be7e9aa016ee0ad7b4aca7e1b5990ef508e3fd233aacb03ef698e49894d6,needs-human-review,True,applied,https://www.bcit.ca/programs/construction-of-mass-timber-structures-associate-certificate-part-time-5225acert/,True,True
5235ADCERT,Building Energy Modelling and Performance Analysis,385,active,01cbbea9edcc7aa99434b94d346da9a7dcfa16d0d93cf404f2149552b4c92e2d,needs-human-review,True,applied,https://www.bcit.ca/programs/building-energy-modelling-and-performance-analysis-advanced-certificate-part-time-5235adcert/,True,True
5240ADVDIP,Technical Arts,249,active,bed7c9ccc5b04a183f6d24f4701085db7363efd28535d3017530bc145f8f04ff,needs-human-review,True,applied,https://www.bcit.ca/programs/technical-arts-advanced-diploma-full-time-5240advdip/,True,True
5245ACERT,Artificial Intelligence Management,386,active,cac10f88ad5e2adb3e1f71d4787a7c97793bf54bc92bbae23ec51815fdc3ba39,needs-human-review,True,applied,https://www.bcit.ca/programs/artificial-intelligence-management-associate-certificate-part-time-5245acert/,True,True
5265DIPMA,Industrial Network Cybersecurity,387,active,f5c5de5dbbff6a45600d68aff2611a187c08fc8274b1c269c736e8c44708b77e,needs-human-review,True,applied,https://www.bcit.ca/programs/industrial-network-cybersecurity-diploma-full-time-5265dipma/,True,True
5275ACERT,Business Intelligence,507,active,59b04f58e08c1dd3ab313f04e164f3b63f3ca9556a28da326f33a6eafdef3575,needs-human-review,True,applied,https://www.bcit.ca/programs/business-intelligence-associate-certificate-part-time-5275acert/,True,True
528AADCERT,Forensic Investigation (Crime and Intelligence Analysis Option),388,active,35f0ab741b03dcf3b550591044912f98fee3b94c7a7f980e878c1153a6e4117f,needs-human-review,True,applied,https://www.bcit.ca/programs/forensic-investigation-crime-and-intelligence-analysis-option-advanced-certificate-part-time-528aadcert/,True,True
528BADCERT,Forensic Investigation (Forensic Science Option),389,active,79c9137e8bd4fe096727c9b48daec3a0d4e5f615c16f04323bd8049a5b9bf222,needs-human-review,True,applied,https://www.bcit.ca/programs/forensic-investigation-forensic-science-option-advanced-certificate-part-time-528badcert/,True,True
528CADCERT,Forensic Investigation (Digital Forensics and Cybersecurity Option),390,active,e791f8e7ecad277c631f59fc4ad09bdf2927b6cf7e8dec6ee95e1ae5fec632db,needs-human-review,True,applied,https://www.bcit.ca/programs/forensic-investigation-digital-forensics-and-cybersecurity-option-advanced-certificate-part-time-528cadcert/,True,True
5290ADVDIP,Professional Accounting,290,active,5a1908386bcf9156bab02640b4f70ff66c5bc8c29cc5af6e659d776db4673cf6,needs-human-review,True,applied,https://www.bcit.ca/programs/professional-accounting-advanced-diploma-full-time-part-time-5290advdip/,True,True
5295ACERT,Business Data Management,391,active,22bae6aba2b1ed273b749d3b92d671b9b40101940c58f580fbeff872933162b1,needs-human-review,True,applied,https://www.bcit.ca/programs/business-data-management-associate-certificate-part-time-5295acert/,True,True
530ADIPLT,Cardiology Technology,508,active,6c6ccb422b072ed41e9d14d5ff1f5ed1feccd3c24dd0c7b061d2c8e435b72f19,needs-human-review,True,applied,https://www.bcit.ca/programs/cardiology-technology-diploma-part-time-530adiplt/,True,True
5310ADCERT,Cardiac Sciences (Cardiovascular Technology Option),321,active,5cfed0983e60a8b8addfceb1d1cdc05e4f1ff070349fe1dd288c3919b5ba5f95,needs-human-review,True,applied,https://www.bcit.ca/programs/cardiac-sciences-cardiovascular-technology-option-advanced-certificate-part-time-5310adcert/,True,True
5312ADVDIP,Business Management - Advanced Diploma,295,active,85043e182d1df5c57122a64b1f667516f4042d12aeedf8c2e778571efff4977b,needs-human-review,True,applied,https://www.bcit.ca/programs/business-management-advanced-diploma-advanced-diploma-full-time-part-time-5312advdip/,True,True
5320ADCERT,Cardiac Sciences (Electrophysiology Technology Option),392,active,459d128336632d74de7a2e75c4e6655fb7a060ec27b1c8e6d101aa81d3f97d86,needs-human-review,True,applied,https://www.bcit.ca/programs/cardiac-sciences-electrophysiology-technology-option-advanced-certificate-part-time-5320adcert/,True,True
5325ACERT,Foundations in Occupational Health and Safety,393,active,acbbedfaa437839d887dc4e83074741cc43fb14e4ffb2be7f0f79bbd9d3bc5c7,needs-human-review,True,applied,https://www.bcit.ca/programs/foundations-in-occupational-health-and-safety-associate-certificate-part-time-5325acert/,True,True
5330ADCERT,Cardiac Sciences (Cardiac Rhythm Device Technology Option),394,active,198cbb1103d84a3d9fc52bfc8edd21216cfe9fd26a49fe22bed6e5ec9ecd3fd4,needs-human-review,True,applied,https://www.bcit.ca/programs/cardiac-sciences-cardiac-rhythm-device-technology-option-advanced-certificate-part-time-5330adcert/,True,True
534ADIPMA,Electrical and Computer Engineering Technology (Automation and Instrumentation Option),308,active,377b586db4956db18c1a69b067107c8218a67ae70c8992241634c140ac3d6271,needs-human-review,True,applied,https://www.bcit.ca/programs/electrical-and-computer-engineering-technology-automation-and-instrumentation-option-diploma-full-time-534adipma/,True,True
534BDIPMA,Electrical and Computer Engineering Technology (Electrical Power and Industrial Control Option),309,active,b11f8ddbbbf16c5314582555e3a4170195c137188e7bde4197a6b52c7bdba222,needs-human-review,True,applied,https://www.bcit.ca/programs/electrical-and-computer-engineering-technology-electrical-power-and-industrial-control-option-diploma-full-time-534bdipma/,True,True
534CDIPMA,Electrical and Computer Engineering Technology (Telecommunications and Networks Option),395,active,33bc894f25e3d02259e47691c1f57c90652c866d124acc4a2eca4faa58a4875c,needs-human-review,True,applied,https://www.bcit.ca/programs/electrical-and-computer-engineering-technology-telecommunications-and-networks-option-diploma-full-time-534cdipma/,True,True
5365ACERT,Digital Media Foundations,396,active,38813e49bfa8f664a6835559d6f26741c8a1ad772f99dcf53acaabbe8a859b91,needs-human-review,True,applied,https://www.bcit.ca/programs/digital-media-foundations-associate-certificate-part-time-5365acert/,True,True
5375DIPMA,Chemical and Environmental Engineering Technology,281,active,2b0466d14835ed366eb97bd4f366fee20066fa02813a5cb7c7ea62f8051f43fc,needs-human-review,True,applied,https://www.bcit.ca/programs/chemical-and-environmental-engineering-technology-diploma-full-time-5375dipma/,True,True
5410DIPLT,Civil Engineering Diploma,,,,,,,,False,False
5430ACERT,Civil Technology,397,active,a55f20332800b370e94ce93597b401e792ee25010d852be0793fcf1fb8ba5c22,needs-human-review,True,applied,https://www.bcit.ca/programs/civil-technology-associate-certificate-part-time-5430acert/,True,True
5430CERT,Civil Technology,509,active,bac487765abb71d36bace2d7dac160dbc6f4a4ad6daa4109da7202eddf1e281d,needs-human-review,True,applied,https://www.bcit.ca/programs/civil-technology-certificate-part-time-5430cert/,True,True
5440ADCERT,Geographic Information Systems,398,active,89a9c75cbdf9ba8ab902fc9c98a8240f66ec5cc6f0497035769bf227f522a552,needs-human-review,True,applied,https://www.bcit.ca/programs/geographic-information-systems-advanced-certificate-part-time-5440adcert/,True,True
5500CERT,Computer Systems,399,active,e092eb18481c86fc6f54fb8742045ad090848cb10a5e9bfcdf695c0eac8a2539,needs-human-review,True,applied,https://www.bcit.ca/programs/computer-systems-certificate-part-time-5500cert/,True,True
5500DIPMA,Computer Systems Technology,226,active,9429fbbccdd7f8f6b15e0242872fc3e2f2ace89dc76d4718671637c357631f85,needs-human-review,True,applied,https://www.bcit.ca/programs/computer-systems-technology-diploma-full-time-5500dipma/,True,True
5500PDIPLT,Computer Systems,225,active,81c1c14537f6a2681c59f5ad366766ecd65c1ecd02da7923515d8c56497ec442,needs-human-review,True,applied,https://www.bcit.ca/programs/computer-systems-diploma-part-time-5500pdiplt/,True,True
5512CERT,Applied Data Analytics,267,active,516d6361e134b7c25200d546820370147c0442f22f827d15160899c99b578aff,needs-human-review,True,applied,https://www.bcit.ca/programs/applied-data-analytics-certificate-part-time-5512cert/,True,True
5515ACERT,Applied Network Administration and Design,400,active,ff47f42d9e98e9d415b145ff8b78a8677c70ca39f7eea21849a841e6ad294c25,needs-human-review,True,applied,https://www.bcit.ca/programs/applied-network-administration-and-design-associate-certificate-part-time-5515acert/,True,True
5530ACERT,Agile Development,401,active,b74766a635694d659e13c6876c8dfbeeb61da2576dd248c96ad49573b93a7e23,needs-human-review,True,applied,https://www.bcit.ca/programs/agile-development-associate-certificate-part-time-5530acert/,True,True
5540DIPMA,Computer Information Technology,250,active,333f19eb9746fe1989ff316523567e3e87c7756b72b742f38755cc9f03031be5,needs-human-review,True,applied,https://www.bcit.ca/programs/computer-information-technology-diploma-full-time-5540dipma/,True,True
5570ACERT,Computer Aided Design (CAD) Technology,402,active,bb36f3c57cb562fbf0449258596a26a37d1fa07fd8558ca02e0fc95e629aac54,needs-human-review,True,applied,https://www.bcit.ca/programs/computer-aided-design-cad-technology-associate-certificate-part-time-5570acert/,True,True
5670ADVDIP,Clinical Genetics Technology,256,active,4b30b0eee2f4a18cc4e4d01255dd9464c748e52ddbeb4502cbd29ae13c2ccf3c,needs-human-review,True,applied,https://www.bcit.ca/programs/clinical-genetics-technology-advanced-diploma-full-time-5670advdip/,True,True
5725ACERT,Computerized Accounting,510,active,c6d043045f0f2d6332840726ddbfce2f611ab8290bcc731ddafa52ac81176a37,needs-human-review,True,applied,https://www.bcit.ca/programs/computerized-accounting-associate-certificate-part-time-5725acert/,True,True
5755ACERT,Occupational Health and Safety Practitioners,403,active,e0a8fa7166e599d144017fe4c9dba6d5961a2a6a57e690d63b98f6ebb0f6ec75,needs-human-review,True,applied,https://www.bcit.ca/programs/occupational-health-and-safety-practitioners-associate-certificate-part-time-5755acert/,True,True
576ADIPMA,Diagnostic Medical Sonography (General Sonography Option),257,active,51e35fa427e766e57889c8d2364d081a9d897dd8c4ec661cbfe4d03203abf851,needs-human-review,True,applied,https://www.bcit.ca/programs/diagnostic-medical-sonography-general-sonography-option-diploma-full-time-576adipma/,True,True
576BDIPMA,Diagnostic Medical Sonography (Cardiac Sonography Option),315,active,bc2bc1209eef720d2b203d6bbf7c5d6cba04669cfd8caf0df29915d816f9be40,needs-human-review,True,applied,https://www.bcit.ca/programs/diagnostic-medical-sonography-cardiac-sonography-option-diploma-full-time-576bdipma/,True,True
576CDIPMA,Diagnostic Medical Sonography (General and Cardiac Sonography Option),511,active,89a9c3cee41868857d4286ce0c870b91d7f10e43f0c73600912bbab36d77e916,needs-human-review,True,applied,https://www.bcit.ca/programs/diagnostic-medical-sonography-general-and-cardiac-sonography-option-diploma-full-time-576cdipma/,True,True
5810DIPMA,Electroneurophysiology,316,active,b1bee787bd7dc4755a36eebbddae5d84d795b05a0a797c15c4533fb212b08c03,needs-human-review,True,applied,https://www.bcit.ca/programs/electroneurophysiology-diploma-full-time-5810dipma/,True,True
585CMCERT,Financial Management (Finance Option),512,active,1d98aef6cf77163739cd570ac10dda6af5f9434be5230683dd9e3b3411576538,needs-human-review,True,applied,https://www.bcit.ca/programs/financial-management-finance-option-certificate-part-time-585cmcert/,True,True
585FMCERT,Financial Management (Professional Accounting Option),513,active,af6c8093b64edff614158a9d3a80a286809d4def1679e5720c877913ae60faba,needs-human-review,True,applied,https://www.bcit.ca/programs/financial-management-professional-accounting-option-certificate-part-time-585fmcert/,True,True
585IACERT,Financial Management (Financial Planning),404,active,deb99eb79c571d3193e9323ec9c2ecf9b63e6657020eb3f45f64ff51a889022e,needs-human-review,True,applied,https://www.bcit.ca/programs/financial-management-financial-planning-associate-certificate-part-time-585iacert/,True,True
5880DIPLT,General Insurance and Risk Management,583,active,b3d30966146a9030143a124761bfdbc93a3fb7f86f1facc341103c28fba818b2,needs-human-review,True,applied,https://www.bcit.ca/programs/general-insurance-and-risk-management-diploma-full-time-5880diplt/,True,True
5985ACERT,User Interface (UI) and User Experience (UX) Design,514,active,70d4e4ad8d2590cf006100c74b7c931df5a990579a438d85d5362842e70d6e64,needs-human-review,True,applied,https://www.bcit.ca/programs/user-interface-ui-and-user-experience-ux-design-associate-certificate-part-time-5985acert/,True,True
6005ACERT,Payroll and Human Resources,405,active,2b1f577e330b26d52820a1f9a1539e42c4bbb4067b634cace0a8dd3bbf1eea59,needs-human-review,True,applied,https://www.bcit.ca/programs/payroll-and-human-resources-associate-certificate-part-time-6005acert/,True,True
6008CERT,Payroll Administration,515,active,67f39c9664319ddb510fe0aa018c7ddbd24389f488617a103179855c80fd2cf8,needs-human-review,True,applied,https://www.bcit.ca/programs/payroll-administration-certificate-part-time-6008cert/,True,True
6030CERT,Architectural and Building Technology,516,active,42831af703c315a4bce29ab91532c4b5b2d84dd8f8fe5455c874a58abae9275f,needs-human-review,True,applied,https://www.bcit.ca/programs/architectural-and-building-technology-certificate-part-time-6030cert/,True,True
6035DIPMA,Accounting,289,active,3360f0ed7d0ac7e942f261b06ae4b836987fcf292b416d72fd7d25cfc97499d7,needs-human-review,True,applied,https://www.bcit.ca/programs/accounting-diploma-full-time-6035dipma/,True,True
6035PDIPMA,Accounting,584,active,b3d3ca1bf61c2e87fd62d46c24f765e7f1569455b3c2ff613c864a3f6214b093,needs-human-review,True,applied,https://www.bcit.ca/programs/accounting-diploma-part-time-6035pdipma/,True,True
6040ACERT,Fundamentals of Water and Wastewater Operations,517,active,0f1153ca06e8da9d03aab445faba116221329a2a4627c0a3c1c9a3a73b2fe628,needs-human-review,True,applied,https://www.bcit.ca/programs/fundamentals-of-water-and-wastewater-operations-associate-certificate-part-time-6040acert/,True,True
6045DIPMA,Finance,585,active,515968355b8086b402a68031404b49884871489931e2cdc67329642b3e6d685e,needs-human-review,True,applied,https://www.bcit.ca/programs/finance-diploma-full-time-6045dipma/,True,True
6045PDIPMA,Finance,223,active,1e6f330bf9fc4febbd2bbb8cd5c6e8409d7c89ef9128dd4e6194867969ad91ba,needs-human-review,True,applied,https://www.bcit.ca/programs/finance-diploma-part-time-6045pdipma/,True,True
6055DIPMA,Financial Planning,586,active,b03986213c213e7e131bb843bc1ee4f7c0df7c66b82f0cc116aa15df17027023,needs-human-review,True,applied,https://www.bcit.ca/programs/financial-planning-diploma-full-time-6055dipma/,True,True
6055PDIPMA,Financial Planning,587,active,5f5832be5e6a3469078e7ee68df977f4f05ab85ad8ec1ee84dd45db7734a9dd7,needs-human-review,True,applied,https://www.bcit.ca/programs/financial-planning-diploma-part-time-6055pdipma/,True,True
605DDIPMA,Technology Teacher Education,406,active,0b8e60070d761614a4bef4e443026ac0727681ade3012c0cc1077c7c0ffec14b,needs-human-review,True,applied,https://www.bcit.ca/programs/technology-teacher-education-diploma-full-time-605ddipma/,True,True
6090CERT,"Essential Technical Skills for Architecture, Construction, and Engineering",518,active,f33e551b3b15b5fae609acababf8f8b95d28eee950ca1d1767a9b32a287fb50f,needs-human-review,True,applied,https://www.bcit.ca/programs/essential-technical-skills-for-architecture-construction-and-engineering-certificate-part-time-6090cert/,True,True
6110DIPMA,Radio Arts and Entertainment,588,active,a73463478f6c469d5c07118f6c8ff9e7efc47dffa6c381b05a19a63e5d7fccfc,needs-human-review,True,applied,https://www.bcit.ca/programs/radio-arts-and-entertainment-diploma-full-time-6110dipma/,True,True
6115ACERT,Broadcast and Digital Journalism,407,active,c1a41733b7dd3641fc4291bf2c5d8cb200806a2476890312a75617b3c4ee0d7b,needs-human-review,True,applied,https://www.bcit.ca/programs/broadcast-and-digital-journalism-associate-certificate-part-time-6115acert/,True,True
6120ACERT,Video Production and Editing,408,active,72ddb4360cbbc388c0f5d58fc325ee833f36f79625e75a5b0a963e68955dbe45,needs-human-review,True,applied,https://www.bcit.ca/programs/video-production-and-editing-associate-certificate-part-time-6120acert/,True,True
6125ACERT,Radio Arts and Entertainment,409,active,36144632cd915bab3642fd4ed706fef56378186f1040fd1bf1db859113eaa45e,needs-human-review,True,applied,https://www.bcit.ca/programs/radio-arts-and-entertainment-associate-certificate-part-time-6125acert/,True,True
6130DIPMA,Television & Video Production,248,active,fad8e6399ca05af753b79eefb08e36a583dc8d129655e026f6289214912f6aa5,needs-human-review,True,applied,https://www.bcit.ca/programs/television-video-production-diploma-full-time-6130dipma/,True,True
6135DIPMA,Broadcast and Online Journalism,291,active,d277679da465e24c8025ea9126b763be5d03c207c95f10dcbbd419f6a012aabc,needs-human-review,True,applied,https://www.bcit.ca/programs/broadcast-and-online-journalism-diploma-full-time-6135dipma/,True,True
6140DIPMA,Residential Interiors,265,active,4c86e4d218432047359425dec035fbb65265189a7715b66b196dfd7beddc93bc,needs-human-review,True,applied,https://www.bcit.ca/programs/residential-interiors-diploma-part-time-6140dipma/,True,True
6185ADCERT,Renewable Energy Electrical Systems Installation & Maintenance,519,active,a407f8ab6bdb76de316cd72e43f77009eccdf4ba234e0d5a5f21ae0692fc1a16,needs-human-review,True,applied,https://www.bcit.ca/programs/renewable-energy-electrical-systems-installation-and-maintenance-advanced-certificate-part-time-6185adcert/,True,True
6195CERT,Interior Design Fundamentals,520,active,14e2405591eea772ceffbef5814202d59b794a1aab61b821abb812090c6872d3,needs-human-review,True,applied,https://www.bcit.ca/programs/interior-design-fundamentals-certificate-full-time-part-time-6195cert/,True,True
6220FDIPMA,Interior Design,227,active,e0b6ae7f08c80d2bd4d9ffe284f4c6356a965e3fcfdd408d103e261557d585f0,needs-human-review,True,applied,https://www.bcit.ca/programs/interior-design-diploma-full-time-6220fdipma/,True,True
6220PDIPMA,Interior Design,589,active,0f58f76a3bd3d2876e5223efc5b19b1e4cb0fa82166d8e6c254dd47dfa185b4f,needs-human-review,True,applied,https://www.bcit.ca/programs/interior-design-diploma-part-time-6220pdipma/,True,True
6225ACERT,Global Business Studies,521,active,1cd8204a9576b430e532e05af987e1b98960167a07eddb111f5bd6fb765c850c,needs-human-review,True,applied,https://www.bcit.ca/programs/global-business-studies-associate-certificate-part-time-6225acert/,True,True
6235DIPMA,Business Information Technology Management,299,active,1010b280cfbdfa2db770399b0f2d76798e923d3711fc723072d0d603a577efaa,needs-human-review,True,applied,https://www.bcit.ca/programs/business-information-technology-management-diploma-full-time-6235dipma/,True,True
623ADIPMA,Business Information Technology Management (Artificial Intelligence Management Option),590,active,d4d87baed9d473ed3983d3064a0dda37c255c13197dccdde03d576392b636527,needs-human-review,True,applied,https://www.bcit.ca/programs/business-information-technology-management-artificial-intelligence-management-option-diploma-full-time-623adipma/,True,True
623BDIPMA,Business Information Technology Management (Enterprise Systems Management Option),591,active,3eeffb57871b47e7e13b5b2cbbb10c3d792139214c4cfc38f906d8e25aa66737,needs-human-review,True,applied,https://www.bcit.ca/programs/business-information-technology-management-enterprise-systems-management-option-diploma-full-time-623bdipma/,True,True
623CDIPMA,Business Information Technology Management (Analytics Data Management Option),592,active,c52dfec2d343b34dbc613ef1451efaca2ec0c7437981c058c20b17fed0de43cd,needs-human-review,True,applied,https://www.bcit.ca/programs/business-information-technology-management-analytics-data-management-option-diploma-full-time-623cdipma/,True,True
6245DIPLT,Business Management,593,active,1bd826e84bafa703fd6a9b95b58e041ab3f049098340830203933842c74c7700,needs-human-review,True,applied,https://www.bcit.ca/programs/business-management-diploma-full-time-6245diplt/,True,True
6245MCERT,Business Management,594,active,8e23a6fbffe534befadd03b620d98934cddb155d2172c0edcfdf33d2760c3346,needs-human-review,True,applied,https://www.bcit.ca/programs/business-management-certificate-part-time-6245mcert/,True,True
6247DIPMA,Graphic Communications,595,active,00c346d061add90d63f42a53d0edaf35033136b58f95bf06b5057028d92d3d71,needs-human-review,True,applied,https://www.bcit.ca/programs/graphic-communications-diploma-full-time-6247dipma/,True,True
625AMCERT,Human Resource Management,596,active,a99c8f8a56bbece33d0009e87f96940230ecd1ae421d90b00134eb62f84483ee,needs-human-review,True,applied,https://www.bcit.ca/programs/human-resource-management-certificate-part-time-625amcert/,True,True
6265ACERT,Lean Six Sigma Principles,410,active,e5cd28c63ad5fa35147921bd97a6789712561a6b636e4c2bb1cff7a1b1e14e47,needs-human-review,True,applied,https://www.bcit.ca/programs/lean-six-sigma-principles-associate-certificate-part-time-6265acert/,True,True
6285CERT,Fire Service Industry Leadership,597,active,91a9ee3feffd2da94f2821ba20f858e23bb524a755f11c8ae82bcef8b0927626,needs-human-review,True,applied,https://www.bcit.ca/programs/fire-service-industry-leadership-certificate-part-time-6285cert/,True,True
6290DIPMA,Strategic Human Resources Management,598,active,9a9f01b59caaadd4ddb19cf9778f668a3c8a54bdb759a1b4f59e5445e7a29804,needs-human-review,True,applied,https://www.bcit.ca/programs/strategic-human-resources-management-diploma-full-time-6290dipma/,True,True
6300MCERT,Marketing Management,599,active,2854728b08c28b92ef5af386c4744978c90328b5bd5987165fecac60e3fceb58,needs-human-review,True,applied,https://www.bcit.ca/programs/marketing-management-certificate-part-time-6300mcert/,True,True
630DACERT,Marketing Management - Marketing Communications,411,active,8fd9431eb422ddd793caeb6e37a04d9feb0bb3f30c5c1bdbed9439ea940d6f56,needs-human-review,True,applied,https://www.bcit.ca/programs/marketing-management-marketing-communications-associate-certificate-part-time-630dacert/,True,True
630DMCERT,Marketing Management (Marketing Communications Option),600,active,5ec06737bd3c287e56f0cd02a8dab08661ac4dff37af0289923b683c8215da91,needs-human-review,True,applied,https://www.bcit.ca/programs/marketing-management-marketing-communications-option-certificate-part-time-630dmcert/,True,True
630HACERT,Marketing Management - Entrepreneurship,522,active,78372e689250f2e31d1a293f2d99d20defe009dee7cfa9127288ed9d94f4bf17,needs-human-review,True,applied,https://www.bcit.ca/programs/marketing-management-entrepreneurship-associate-certificate-part-time-630hacert/,True,True
630MACERT,Marketing Management - Sales Skills,523,active,1c06ec21a449fa70c5a545671dae95fa720d80cbccced958854687eb51cc0c60,needs-human-review,True,applied,https://www.bcit.ca/programs/marketing-management-sales-skills-associate-certificate-part-time-630macert/,True,True
630PMCERT,Media Techniques and Marketing Communications,601,active,ef5f0134ff604f52251ed7b847c229769a680c41eb246715a84795700d1fb38c,needs-human-review,True,applied,https://www.bcit.ca/programs/media-techniques-and-marketing-communications-certificate-part-time-630pmcert/,True,True
630VMCERT,Marketing Management (Professional Sales Option),602,active,d1b8ec5e88eb3dc7a4cd23c7e497a6dccb928b7e5477b811c483b203bfc2581e,needs-human-review,True,applied,https://www.bcit.ca/programs/marketing-management-professional-sales-option-certificate-part-time-630vmcert/,True,True
630WACERT,Marketing Management - Customer Relationship Marketing,524,active,ca217bd6971b34ed419d9c237cc9c4ec66b0d69977010acaa2a4e095be465134,needs-human-review,True,applied,https://www.bcit.ca/programs/marketing-management-customer-relationship-marketing-associate-certificate-part-time-630wacert/,True,True
630XACERT,Marketing Management - Public Relations,525,active,ce2eacd5f236c52ac5b93d0118be2cc8d9635a9f3f4cfd500bab8bc5b5fc98f8,needs-human-review,True,applied,https://www.bcit.ca/programs/marketing-management-public-relations-associate-certificate-part-time-630xacert/,True,True
6310ACERT,Nonprofit Management,412,active,d111f6fafc609ac59a540db6f768950c3bf59d8581a6bedc113f5f9de7d142f8,needs-human-review,True,applied,https://www.bcit.ca/programs/nonprofit-management-associate-certificate-part-time-6310acert/,True,True
6315ACERT,Event Marketing and Planning Foundations,413,active,d47de2178f1405f3e893bc778d184600966526ac28bb26c36468152846e34dde,needs-human-review,True,applied,https://www.bcit.ca/programs/event-marketing-and-planning-foundations-associate-certificate-part-time-6315acert/,True,True
635CDIPLT,Mechanical Engineering Technology (Mechanical Systems Option),414,active,bc1e5e07bffa6cf923a30203266809df4a78103e8a40ba7d3373b7961fcc700a,needs-human-review,True,applied,https://www.bcit.ca/programs/mechanical-engineering-technology-mechanical-systems-option-diploma-full-time-635cdiplt/,True,True
635DDIPLT,Mechanical Engineering Technology (Mechanical Design Option),229,active,453b8cca90cca30075730af2209428cd7e2a9295767f6d79920548034eeb7ec1,needs-human-review,True,applied,https://www.bcit.ca/programs/mechanical-engineering-technology-mechanical-design-option-diploma-full-time-635ddiplt/,True,True
635EDIPLT,Mechanical Engineering Technology (Mechanical Manufacturing Option),310,active,c58dac046242acf55aad4b54d26fb9ffc3105c17a57fee0dcf36663259e0b0d2,needs-human-review,True,applied,https://www.bcit.ca/programs/mechanical-engineering-technology-mechanical-manufacturing-option-diploma-full-time-635ediplt/,True,True
6365ACERT,Food Safety,526,active,ebe4b73e25174613f1c0bca5b4fb7304da1741b9a44b64dbb0862da4eac0d7f4,needs-human-review,True,applied,https://www.bcit.ca/programs/food-safety-associate-certificate-part-time-6365acert/,True,True
6375ACERT,Digital Marketing Foundations,527,active,6392c5a6c39c2d2c6f0f9ee1fdee7706bdfd1b7f5dcd8e684a67683dafd82c32,needs-human-review,True,applied,https://www.bcit.ca/programs/digital-marketing-foundations-associate-certificate-part-time-6375acert/,True,True
6385ACERT,Digital Marketing Strategy,247,active,39756c6f57c9aede2ebc70bca215e684398507d90f03347670be8a167304f3ab,needs-human-review,True,applied,https://www.bcit.ca/programs/digital-marketing-strategy-associate-certificate-part-time-6385acert/,True,True
6390ACERT,Marketing Management - Fundraising Management,528,active,f90216932837fd9b30504fe64a0c144d050ba0120394e3bb318327eb0c61fa3e,needs-human-review,True,applied,https://www.bcit.ca/programs/marketing-management-fundraising-management-associate-certificate-part-time-6390acert/,True,True
6422DIPMA,Marketing Management,603,active,c106c3ac949d493915383fbdeae1b21f02a6860988750e83606609d932ce31e3,needs-human-review,True,applied,https://www.bcit.ca/programs/marketing-management-diploma-full-time-6422dipma/,True,True
6425ACERT,Technical Writing,415,active,4ea455156b0f1a1590939161ec686e89802c8972f20b15d02fba61377c3b82d3,needs-human-review,True,applied,https://www.bcit.ca/programs/technical-writing-associate-certificate-part-time-6425acert/,True,True
642ADIPMA,Marketing Management (Digital Marketing and Brand Strategy Option),604,active,2868d33ead60e8dcb92c2d66d2d53aeae35357b7204c1188134635e777c1dc49,needs-human-review,True,applied,https://www.bcit.ca/programs/marketing-management-digital-marketing-and-brand-strategy-option-diploma-full-time-642adipma/,True,True
642BDIPMA,Marketing Management (Professional Sales Option),605,active,c24f5c3fc141f5de3e9ff706bd9be4bae4ef0920690df1170f86b5dad3a1cd88,needs-human-review,True,applied,https://www.bcit.ca/programs/marketing-management-professional-sales-option-diploma-full-time-642bdipma/,True,True
642CDIPMA,Marketing Management (Entrepreneurship Option),606,active,5c627391069568c6e5e46ffddd56d2206fac9212137430aea94c65be4332c78c,needs-human-review,True,applied,https://www.bcit.ca/programs/marketing-management-entrepreneurship-option-diploma-full-time-642cdipma/,True,True
642DDIPMA,Marketing Management (Professional Real Estate Option),607,active,29ae6b766c68cb388ce1853591ec4a8471a6213c84242a62533bf2dd458fd4cc,needs-human-review,True,applied,https://www.bcit.ca/programs/marketing-management-professional-real-estate-option-diploma-full-time-642ddipma/,True,True
642EDIPMA,Marketing Management (Tourism Marketing and Sales Option),608,active,37ffd1277a68f524583e461541a11b5201e3fc8fb02ad957be95b0ce265c744b,needs-human-review,True,applied,https://www.bcit.ca/programs/marketing-management-tourism-marketing-and-sales-option-diploma-full-time-642edipma/,True,True
6450MCERT,Media Techniques for Business,609,active,26ac28fdf94d86e52eea7203bc15a40b95bce81204c21049bda486c6db75df16,needs-human-review,True,applied,https://www.bcit.ca/programs/media-techniques-for-business-certificate-part-time-6450mcert/,True,True
6465ACERT,Web and Mobile Application Development,305,active,57966abf7b509c796c1ccc2c4fd06e692f755366769cb344467cf3ea9d5f8cbe,needs-human-review,True,applied,https://www.bcit.ca/programs/web-and-mobile-application-development-associate-certificate-part-time-6465acert/,True,True
6505ACERT,Graphic Design Foundations,529,active,8d05893ea0e5e020685029369d192ad76995f4013db7f417212eb078211c89ba,needs-human-review,True,applied,https://www.bcit.ca/programs/graphic-design-foundations-associate-certificate-part-time-6505acert/,True,True
6515DIPMA,Digital Design and Development,297,active,e049438abe16a110a9a9b4a5bf1905b0ebd8c9fd8752bc7fa0ea331b8da21784,needs-human-review,True,applied,https://www.bcit.ca/programs/digital-design-and-development-diploma-full-time-6515dipma/,True,True
6525DIPMA,New Media Design and Web Development,610,active,28cf613628dac58be6ddb1129500d69244a6dcd28b99b220a1af7b4a14a7d8d7,needs-human-review,True,applied,https://www.bcit.ca/programs/new-media-design-and-web-development-diploma-full-time-6525dipma/,True,True
6530CERT,Construction Estimating,306,active,a9ce9e61513f9237173edf325a2d229ab33d67d7b0e576c454571f9df2e31a20,needs-human-review,True,applied,https://www.bcit.ca/programs/construction-estimating-certificate-part-time-6530cert/,True,True
6535CERT,Front-End Web Developer,251,active,6d3846c5fc4498e12a60c8c5a1c007009bcefd4921f5c9858539329ac91553b4,needs-human-review,True,applied,https://www.bcit.ca/programs/front-end-web-developer-certificate-full-time-6535cert/,True,True
6575DIPMA,"3D Modeling, Art and Animation",221,active,d2476578096e418d4f6fc9730c2c504bc894051c65fe49bc1bd3d02e3ec546b8,needs-human-review,True,applied,https://www.bcit.ca/programs/3d-modeling-art-and-animation-diploma-full-time-6575dipma/,True,True
6585CERT,Graphic Design,611,active,643f141b26110da86c2c4566bc955777606f909ea4940d61f5e9ea24db27ae4f,needs-human-review,True,applied,https://www.bcit.ca/programs/graphic-design-certificate-full-time-part-time-6585cert/,True,True
6590ACERT,Tourism and Hospitality,530,active,9f69f0af88de3ef607171299125cf3d42dbd0acf14e3babb3870c1baacf28067,needs-human-review,True,applied,https://www.bcit.ca/programs/tourism-and-hospitality-associate-certificate-part-time-6590acert/,True,True
6595DIPMA,Graphic Design and Interactive Media,230,active,194fc104fe2a9b218ae54c258877c02d0e8a4cd57c532965378469add82f25e7,needs-human-review,True,applied,https://www.bcit.ca/programs/graphic-design-and-interactive-media-diploma-part-time-6595dipma/,True,True
6615DIPMA,Medical Laboratory Science,222,active,700937d87a5f481efe77330799751eba4338269d84f61bac1e1a84caba250ce4,needs-human-review,True,applied,https://www.bcit.ca/programs/medical-laboratory-science-diploma-full-time-6615dipma/,True,True
6630ACERT,Medical Office Assistant,531,active,efe7e5fff594ba4fad51e0862a038ea06cbadc07914ca8523e87378cc2da075e,needs-human-review,True,applied,https://www.bcit.ca/programs/medical-office-assistant-associate-certificate-part-time-6630acert/,True,True
6635DIPMA,Medical Radiography,228,active,ed8309c8c614173ca6669d450f844370b2d0e5f148419cc70bb6bb70a27b7d7b,needs-human-review,True,applied,https://www.bcit.ca/programs/medical-radiography-diploma-full-time-6635dipma/,True,True
6640DIPMA,Mineral Exploration and Mining Technology,612,active,07a1534499ab4517911acf5e36b827d3e57477f4ea09b5fd8504090801949dd8,needs-human-review,True,applied,https://www.bcit.ca/programs/mineral-exploration-and-mining-technology-diploma-full-time-6640dipma/,True,True
6645ADCERT,Bridging Medical Radiography,416,active,b6a0433ff888efefa2e13da609156c7fd1c940cdbeea5ccf2dc7e53e5184e5e9,needs-human-review,True,applied,https://www.bcit.ca/programs/bridging-medical-radiography-advanced-certificate-part-time-6645adcert/,True,True
6705DIPMA,Nuclear Medicine,259,active,a8847e07e72c6cced0772e3533e2b5bd0334b20e8f763f6c25fdcabbc306eb2a,needs-human-review,True,applied,https://www.bcit.ca/programs/nuclear-medicine-diploma-full-time-6705dipma/,True,True
675FACERT,Fire Protection Inspection and Testing,417,active,4551d7772f6fee311564429d864235e20027b623998dd3aa3d3699af1eae975a,needs-human-review,True,applied,https://www.bcit.ca/programs/fire-protection-inspection-and-testing-associate-certificate-part-time-675facert/,True,True
6760ACERT,Mechanical Systems,312,active,69f6cd71fd67409c9018e4db90d45fc0f7d8c65112758488bbc8bb4827a90acd,needs-human-review,True,applied,https://www.bcit.ca/programs/mechanical-systems-associate-certificate-part-time-6760acert/,True,True
680BASCERT,Pediatric Nursing Specialty (Standard Option),418,active,1e5df7aab634bd98ef1a5af77907b0ea7af9bd2edd3a615735b79b1c7a6abab2,needs-human-review,True,applied,https://www.bcit.ca/programs/pediatric-nursing-specialty-standard-option-advanced-certificate-part-time-680bascert/,True,True
680CASCERT,Perinatal Nursing Specialty (Standard Option),419,active,30c7490891563787e6bdbe9620bbad2abe85627c00d7a5713b33942da328ca58,needs-human-review,True,applied,https://www.bcit.ca/programs/perinatal-nursing-specialty-standard-option-advanced-certificate-part-time-680cascert/,True,True
680EASCERT,Emergency Nursing Specialty (Standard Option),420,active,8a76dbc71b9d2daf9f733e97efcf892fba0d90e869fcb78e346668ac691412c1,needs-human-review,True,applied,https://www.bcit.ca/programs/emergency-nursing-specialty-standard-option-advanced-certificate-part-time-680eascert/,True,True
680FASCERT,Neonatal Nursing Specialty,532,active,630f862bccbbf99514f8a145a98b9285b40931e17731b216921ea195abf00330,needs-human-review,True,applied,https://www.bcit.ca/programs/neonatal-nursing-specialty-advanced-certificate-part-time-680fascert/,True,True
680LASCERT,Critical Care Nursing Specialty (Combined Critical Care/Emergency Option),421,active,2bfd81671772f4e1918a60939643fe8b722f67760093e8a1ebd9b9a47d201c56,needs-human-review,True,applied,https://www.bcit.ca/programs/critical-care-nursing-specialty-combined-critical-care-emergency-option-advanced-certificate-part-time-680lascert/,True,True
680MASCERT,Nephrology Nursing Specialty,422,active,5b7de2dbf6c19879b72fc141baed0accba559a94c06dfd46331503130f4eb49a,needs-human-review,True,applied,https://www.bcit.ca/programs/nephrology-nursing-specialty-advanced-certificate-part-time-680mascert/,True,True
680PASCERT,Perioperative Nursing Specialty,533,active,769840b6e0c3a3a94ab737029f101513969ee6fc2bacb991bb2fc1fac3dfed23,needs-human-review,True,applied,https://www.bcit.ca/programs/perioperative-nursing-specialty-advanced-certificate-part-time-680pascert/,True,True
680SASCERT,Emergency Nursing Specialty (Combined Emergency/Critical Care Option),423,active,d9240e9f0730ac7aab508894a9cd15e0b2b65c641d05e7d6775955c5ca5b4022,needs-human-review,True,applied,https://www.bcit.ca/programs/emergency-nursing-specialty-combined-emergency-critical-care-option-advanced-certificate-part-time-680sascert/,True,True
680VASCERT,Perinatal Nursing Specialty (Perinatal - Perioperative Option),534,active,91b4bafb1421e30c4191d1f2b82d3e8ad169dec468eb383318ce6158ae4af477,needs-human-review,True,applied,https://www.bcit.ca/programs/perinatal-nursing-specialty-perinatal-perioperative-option-advanced-certificate-part-time-680vascert/,True,True
680WASCERT,High Acuity Nursing Specialty,424,active,5a2966a5c52d6226a63ccbb17639d31f2e4f2817e73a5c52f60f6459c603660b,needs-human-review,True,applied,https://www.bcit.ca/programs/high-acuity-nursing-specialty-advanced-certificate-part-time-680wascert/,True,True
680XADCERT,Critical Care Nursing Specialty,425,active,d027b7101b4454bd0c9c85db17b138d3a5c956f2f2223f3cb5d6541d2172adf7,needs-human-review,True,applied,https://www.bcit.ca/programs/critical-care-nursing-specialty-advanced-certificate-part-time-680xadcert/,True,True
680YADCERT,Emergency Nursing Specialty (Pediatric Emergency Option),535,active,a2a02952a78d4ee6649980a8e395db4d9ee3e66444074dc69f9abbf7c649a6c6,needs-human-review,True,applied,https://www.bcit.ca/programs/emergency-nursing-specialty-pediatric-emergency-option-advanced-certificate-part-time-680yadcert/,True,True
680ZADCERT,Pediatric Nursing Specialty (Critical Care Option),536,active,ca0e48267447581e917fa80981970ae1b8dc69a818871e7e3b3ad13e95473f42,needs-human-review,True,applied,https://www.bcit.ca/programs/pediatric-nursing-specialty-critical-care-option-advanced-certificate-part-time-680zadcert/,True,True
681BADCERT,Pediatric Nursing Specialty (Anesthesia Care Option),426,active,511797f82aeb18d3506319fe1f7a783339e5ee2d103f000d862a6f8127df9dba,needs-human-review,True,applied,https://www.bcit.ca/programs/pediatric-nursing-specialty-anesthesia-care-option-advanced-certificate-part-time-681badcert/,True,True
6820ASCERT,Cardiovascular Perfusion,322,active,e41eedb51db6ac248b2fbde60b4c1baca0cf6989f9e86b6e4a62f565fd9dc0cf,needs-human-review,True,applied,https://www.bcit.ca/programs/cardiovascular-perfusion-advanced-certificate-part-time-6820ascert/,True,True
6830ACERT,Leadership,537,active,b1f97fef689a7918d32421e9f6ebe9ad114c7893fcf596e8a3621746ee22637a,needs-human-review,True,applied,https://www.bcit.ca/programs/leadership-associate-certificate-part-time-6830acert/,True,True
6835ADCERT,Pediatric Emergency Nursing Specialty,538,active,23886218b04d7ae112dd256fe4cff9ba6fa40a6aa9bb6d5654ec1ff79067aacd,needs-human-review,True,applied,https://www.bcit.ca/programs/pediatric-emergency-nursing-specialty-advanced-certificate-part-time-6835adcert/,True,True
6850DIPLT,Occupational Health and Safety,318,active,5d94a939afebbb6f2bc5ad10327c0bf784c807792dc241313ff9b3e905860d75,needs-human-review,True,applied,https://www.bcit.ca/programs/occupational-health-and-safety-diploma-full-time-6850diplt/,True,True
6860ADCERT,Health Leadership,323,active,588d5f69fa827e01e510cd51db7d4adb5e77e9e02aa1ffe36cfaef4b04371b86,needs-human-review,True,applied,https://www.bcit.ca/programs/health-leadership-advanced-certificate-part-time-6860adcert/,True,True
6890CERT,Advanced Safety Management,539,active,87da947e7455eea025864ec4a4d017408e6b0f68d498c9e5fe17ab1574f5a434,needs-human-review,True,applied,https://www.bcit.ca/programs/advanced-safety-management-certificate-part-time-6890cert/,True,True
690AMCERT,Operations Management (Industrial Engineering Option),613,active,7c00948768eb8bdaae37bc3af311524f534e7b644a4a9bc6780df47232aefaa9,needs-human-review,True,applied,https://www.bcit.ca/programs/operations-management-industrial-engineering-option-certificate-part-time-690amcert/,True,True
690BMCERT,Operations Management (Management Engineering Option),614,active,e3b3505be2687edcea08c0db339994b7fd2af0287e212e29fd34bc1fadfbc4bc,needs-human-review,True,applied,https://www.bcit.ca/programs/operations-management-management-engineering-option-certificate-part-time-690bmcert/,True,True
690DMCERT,Operations Management (Materials Management Option),615,active,55aceda1fa927709acf99a9e5bf741e689549f460cc6cf887b115806effea2bf,needs-human-review,True,applied,https://www.bcit.ca/programs/operations-management-materials-management-option-certificate-part-time-690dmcert/,True,True
690FMCERT,Operations Management (Facilities Management Option),616,active,4c95bb794c95ce523280e7b06aa39161decebe9c7982a27cf6cc1c1fccebb279,needs-human-review,True,applied,https://www.bcit.ca/programs/operations-management-facilities-management-option-certificate-part-time-690fmcert/,True,True
6915DIPMA,Operations & Management Engineering,617,active,b60c2fed603d0cd541a7443521bb9fd2f48dc06200bf75474379d117a031084d,needs-human-review,True,applied,https://www.bcit.ca/programs/operations-and-management-engineering-diploma-full-time-6915dipma/,True,True
6945CERT,Quality and Process Management,618,active,6b71b687df41b67c4f664546a296e787729dbf51b2ee20407fdc83afd8c4c714,needs-human-review,True,applied,https://www.bcit.ca/programs/quality-and-process-management-certificate-part-time-6945cert/,True,True
6957ACERT,Applied Web Development,427,active,086044fbaa6e10e8f82f155cc07227d98eb3c9a552657eb526869c48d7d5354b,needs-human-review,True,applied,https://www.bcit.ca/programs/applied-web-development-associate-certificate-part-time-6957acert/,True,True
6958ACERT,Applied Software Development (ASD),304,active,175b2b6dc7931ee8611f13de9ff765bacd1f81ffacbdaaf1a0b704b1000a1532,needs-human-review,True,applied,https://www.bcit.ca/programs/applied-software-development-asd-associate-certificate-part-time-6958acert/,True,True
6992ACERT,Applied Computer Information Systems (ACIS),298,active,27c36c2894170aa43963a6b6e82f2f16a21aebad2e206a9b77acd7cf1de0f409,needs-human-review,True,applied,https://www.bcit.ca/programs/applied-computer-information-systems-acis-associate-certificate-part-time-6992acert/,True,True
6994ACERT,Applied Database Administration and Design,540,active,da55d9804ed221eb1e4d05d2b2fb02d55d8e5533203494a8324c9a175e5fdfe4,needs-human-review,True,applied,https://www.bcit.ca/programs/applied-database-administration-and-design-associate-certificate-part-time-6994acert/,True,True
6998CERT,Office Administrator with Technology Program (OAT),428,active,fb054884f7b9d92dc456157239f60bd5c37f508c774c4c277ebb30a3e8babacb,needs-human-review,True,applied,https://www.bcit.ca/programs/office-administrator-with-technology-program-oat-certificate-full-time-6998cert/,True,True
703ADIPMA,Business Administration (General Option),294,active,451fc312c0869961fc728c79885a4446daf00c78585b87a4063357f513d31022,needs-human-review,True,applied,https://www.bcit.ca/programs/business-administration-general-option-diploma-part-time-703adipma/,True,True
703BDIPMA,Business Administration (Global Studies Option),619,active,5a7c045a88a935c3c9cba744d3cbbd23847b40151d54dae924365834e4941cbd,needs-human-review,True,applied,https://www.bcit.ca/programs/business-administration-global-studies-option-diploma-part-time-703bdipma/,True,True
703CDIPMA,Business Administration (Human Resources Option),620,active,9cdbc6d3100615f012fc72665c222fbb05c24b6ba8c2f1813df80fcf05ebf0f9,needs-human-review,True,applied,https://www.bcit.ca/programs/business-administration-human-resources-option-diploma-part-time-703cdipma/,True,True
703DDIPMA,Business Administration (Management Option),621,active,139adbb5f04c608020794aa1589d23d5c286b15d822c4cb18bada27598c28927,needs-human-review,True,applied,https://www.bcit.ca/programs/business-administration-management-option-diploma-part-time-703ddipma/,True,True
703EDIPMA,Business Administration (Marketing Option),622,active,d1132e4bc2ac8d6e852945a0302c4e4098ac492c75d5ae0a9923603a186aa947,needs-human-review,True,applied,https://www.bcit.ca/programs/business-administration-marketing-option-diploma-part-time-703edipma/,True,True
7100DIPLT,Prosthetics and Orthotics,319,active,a56ae47110856d42a30197267940e0f32770fce9190743d35d39b5660a3ab982,needs-human-review,True,applied,https://www.bcit.ca/programs/prosthetics-and-orthotics-diploma-full-time-7100diplt/,True,True
7110CERT,Technology Support Professional (TSP),302,active,acd6c0846769d9adb7d34fbbed215512c869a52ca09680cbd45903cbaf5fc46e,needs-human-review,True,applied,https://www.bcit.ca/programs/technology-support-professional-tsp-certificate-full-time-7110cert/,True,True
7140DIPMA,Architectural and Building Technology,231,active,8022666f85037a434089453f5dbf7c21e58de4c4d34bec574ec593a62aaf1949,needs-human-review,True,applied,https://www.bcit.ca/programs/architectural-and-building-technology-diploma-full-time-7140dipma/,True,True
7160ADVDIP,Diagnostic Medical Sonography – Cardiac,429,active,166005c9fe2af7d61cae6943d6f72ff0f207b340ca93326cfa29061b4f0969e4,needs-human-review,True,applied,https://www.bcit.ca/programs/diagnostic-medical-sonography-cardiac-advanced-diploma-full-time-7160advdip/,True,True
7340DIPLT,Mechatronics and Robotics,311,active,b7278e94ceb711c28a0e175a2183efa0237cd0e4a615b189ba791fe3b6ddf1db,needs-human-review,True,applied,https://www.bcit.ca/programs/mechatronics-and-robotics-diploma-full-time-7340diplt/,True,True
7460MCERT,International Trade and Transportation Logistics,623,active,c933fa9868cd018629c3152164cd7af3ee8480ec54b4371ed47117af9849194a,needs-human-review,True,applied,https://www.bcit.ca/programs/international-trade-and-transportation-logistics-certificate-part-time-7460mcert/,True,True
7475DIPMA,Global Supply Chain Management,624,active,08c13d0421de9cc7e5633f45264734e653722f46fe1df745f73f00cd0630a5b1,needs-human-review,True,applied,https://www.bcit.ca/programs/global-supply-chain-management-diploma-full-time-7475dipma/,True,True
7485DIPMA,Forest and Natural Areas Management,625,active,1a6eace0d7fad225a32813b071dcd5f0bbcb3e5486500954cacc1d85138d36c6,needs-human-review,True,applied,https://www.bcit.ca/programs/forest-and-natural-areas-management-diploma-full-time-7485dipma/,True,True
7535DIPMA,Geomatics Engineering Technology,626,active,e884d9fb2845bbc1a1a544caf535b88071fda7c0228f6403c62c23a6c4e9e6cb,needs-human-review,True,applied,https://www.bcit.ca/programs/geomatics-engineering-technology-diploma-full-time-7535dipma/,True,True
7610ACERT,Human Resource Management,541,active,a8a91867c944ee093f266c2fa3e8d7a8ef760a6778e3be8da46dbd8e94e0e946,needs-human-review,True,applied,https://www.bcit.ca/programs/human-resource-management-associate-certificate-part-time-7610acert/,True,True
7710DIPMA,Construction Management,627,active,6d1a2526e7d9630f0080ac5bdc6e9d5e349dab5e19a771b950f81428f66a0a9f,needs-human-review,True,applied,https://www.bcit.ca/programs/construction-management-diploma-part-time-7710dipma/,True,True
7870CERT,Construction Supervision,542,active,00fc0b657a4730f67a046827521d0f77f0ecf91943bb4d1be06797cdba75a2f6,needs-human-review,True,applied,https://www.bcit.ca/programs/construction-supervision-certificate-part-time-7870cert/,True,True
7880ACERT,Construction Operations,430,active,d14ec0cdfc205851092f3b478d66103288c0b290e3ac78c239c486d32cab42d4,needs-human-review,True,applied,https://www.bcit.ca/programs/construction-operations-associate-certificate-part-time-7880acert/,True,True
7935DIPMA,"Fish, Wildlife and Recreation",285,active,95cc89958d3202c7ad45f7a739ceff8518c5bc285afee6839729be626384ba2a,needs-human-review,True,applied,https://www.bcit.ca/programs/fish-wildlife-and-recreation-diploma-full-time-7935dipma/,True,True
7950ASCERT,Magnetic Resonance Imaging,431,active,dbe0226b4b7c0baf4dcb5daa057631e6cf7ce301814a90d646cac55fc76df552,needs-human-review,True,applied,https://www.bcit.ca/programs/magnetic-resonance-imaging-advanced-certificate-part-time-7950ascert/,True,True
7975DIPMA,Magnetic Resonance Imaging,317,active,679674e8b2ee56ab00a691cd1b0dfb6b50e85e6d766be09fb7ed34547f571404,needs-human-review,True,applied,https://www.bcit.ca/programs/magnetic-resonance-imaging-diploma-full-time-7975dipma/,True,True
7985ACERT,Business Fundamentals,245,active,befd0c2b10d505b6a2287f12e8495cd1b313c7c8bf994300d1a4e2661674782b,needs-human-review,True,applied,https://www.bcit.ca/programs/business-fundamentals-associate-certificate-full-time-7985acert/,True,True
8020BENG,Mechanical Engineering,253,active,d8b118f7bcdeb53ccd7dd154fc23211625fbd00a0aa383f6b227e93c07693797,needs-human-review,True,applied,https://www.bcit.ca/programs/mechanical-engineering-bachelor-of-engineering-full-time-8020beng/,True,True
8030BENG,Electrical Engineering,252,active,79ff3c34ef1b377a80991c10e8f0611530afe0b665e8d95f691748153b537b74,needs-human-review,True,applied,https://www.bcit.ca/programs/electrical-engineering-bachelor-of-engineering-full-time-8030beng/,True,True
8040BSC,Ecological Restoration,282,active,a319a0655ba1b02842d31377fd0f35cf4dc2e704ca21e3e86a672a45e47ee1ab,needs-human-review,True,applied,https://www.bcit.ca/programs/ecological-restoration-bachelor-of-science-full-time-part-time-8040bsc/,True,True
8050BTECH,Architectural Science,264,active,c255408535c221e69175d477df4866ad3c48694df015a7fd2e826471a0ae5431,needs-human-review,True,applied,https://www.bcit.ca/programs/architectural-science-bachelor-of-architectural-science-full-time-8050btech/,True,True
810ABSN,"Specialty Nursing (Critical Care - Standard Option), Bachelor of Science in Nursing, Part-time",,,,,,,,False,False
810BBSN,"Specialty Nursing (Emergency - Standard Option), Bachelor of Science in Nursing, Part-time",,,,,,,,False,False
810CBSN,"Specialty Nursing (Neonatal), Bachelor of Science in Nursing, Part-time",,,,,,,,False,False
810DBSN,"Specialty Nursing (Nephrology), Bachelor of Science in Nursing, Part-time",,,,,,,,False,False
810FBSN,"Specialty Nursing (Pediatric - Standard Option), Bachelor of Science in Nursing, Part-time",,,,,,,,False,False
810GBSN,"Specialty Nursing (Perinatal - Standard Option), Bachelor of Science in Nursing, Part-time",,,,,,,,False,False
810HBSN,"Specialty Nursing (Perioperative), Bachelor of Science in Nursing, Part-time",,,,,,,,False,False
810KBSN,"Specialty Nursing (Critical Care - Combined Critical Care/Emergency Option), Bachelor of Science in Nursing, Part-time",,,,,,,,False,False
810MBSN,"Specialty Nursing (High Acuity), Bachelor of Science in Nursing, Part-time",,,,,,,,False,False
810NBSN,"Specialty Nursing (Emergency - Combined Emergency/Critical Care Option), Bachelor of Science in Nursing, Part-time",,,,,,,,False,False
810QBSN,"Specialty Nursing (Pediatric - Critical Care Option), Bachelor of Science in Nursing, Part-time",,,,,,,,False,False
810SBSN,"Specialty Nursing (Perinatal - Perioperative Option), Bachelor of Science in Nursing, Part-time",,,,,,,,False,False
8120BTECH,Environmental Engineering,284,active,e6d4fff3dc6a6faf1d9a93fa22877bd3300aed620a181f24f5d700189d3c293e,needs-human-review,True,applied,https://www.bcit.ca/programs/environmental-engineering-bachelor-of-technology-full-time-part-time-8120btech/,True,True
830ABHSC,Bachelor of Health Science (Magnetic Resonance Imaging Option),543,active,b53eeb58b84743be52dc0d570efa14ff68ab54f742336a524e95167a8c30ecc9,needs-human-review,True,applied,https://www.bcit.ca/programs/bachelor-of-health-science-magnetic-resonance-imaging-option-bachelor-of-health-science-part-time-830abhsc/,True,True
8310BTECH,Geographic Information Systems,287,active,37aee994d60dfd691c35ad6fd26331d11029d2c887b98944ecd727b3e7740243,needs-human-review,True,applied,https://www.bcit.ca/programs/geographic-information-systems-bachelor-of-technology-full-time-part-time-8310btech/,True,True
8350BTECH,Technology Management,432,active,7ca1eb7f2933884ce596c920eb6922dd8438b2e5ab2ac211c9d816b3658ef73e,needs-human-review,True,applied,https://www.bcit.ca/programs/technology-management-bachelor-of-technology-part-time-8350btech/,True,True
847ABTECH,Forensic Investigation (Crime and Intelligence Analysis Option),433,active,1175e749b766f522a2f7a10a01d4208bcd5ea42e58b3980fca85287860e2867f,needs-human-review,True,applied,https://www.bcit.ca/programs/forensic-investigation-crime-and-intelligence-analysis-option-bachelor-of-technology-part-time-847abtech/,True,True
847BBTECH,Forensic Investigation (Forensic Science Option),434,active,fcb825628e6b7e7c89a5d899fa7127fd8522354a27cdc55d9024a0440fb18503,needs-human-review,True,applied,https://www.bcit.ca/programs/forensic-investigation-forensic-science-option-bachelor-of-technology-part-time-847bbtech/,True,True
847CBTECH,Forensic Investigation (Digital Forensics and Cybersecurity Option),435,active,41c2d54f8df54293934edf8d970625d0bb4d3ea131b330c026453e6e67e95b76,needs-human-review,True,applied,https://www.bcit.ca/programs/forensic-investigation-digital-forensics-and-cybersecurity-option-bachelor-of-technology-full-time-part-time-847cbtech/,True,True
8520BENVH,Environmental Public Health,258,active,d0af5cd94e483228010f2e920c5d0eab2020cd77b06f0b516f16398aa059dbb2,needs-human-review,True,applied,https://www.bcit.ca/programs/environmental-public-health-bachelor-of-environmental-public-health-full-time-8520benvh/,True,True
8610BENG,Mining and Mineral Resource Engineering,436,active,51223f49cf67c978f8a933d922af7b0c0d7f29f83cd7b8044afc1a0bb4f5167c,needs-human-review,True,applied,https://www.bcit.ca/programs/mining-and-mineral-resource-engineering-bachelor-of-engineering-full-time-8610beng/,True,True
8630BACC,Accounting,82,active,c5e9e2f220fbc417b454820f3aba32c0799ebda5051cdb59b622eb2634281c4a,needs-human-review,False,applied,https://www.bcit.ca/programs/accounting-bachelor-of-accounting-full-time-part-time-8630bacc/,True,True
8645BSC,Geomatics,288,active,53fc918816cef6966e2222b9f4ba6392d9957447d09f39ecb28facedf37f8f73,needs-human-review,True,applied,https://www.bcit.ca/programs/geomatics-bachelor-of-science-full-time-8645bsc/,True,True
8650BSC,Radiation Therapy,320,active,26923fdf8b17b7653bb648d88a4bebd76edf4e54babbf0dbcc6d4abedcfd4ece,needs-human-review,True,applied,https://www.bcit.ca/programs/radiation-therapy-bachelor-of-science-full-time-8650bsc/,True,True
8660BENG,Civil Engineering Bachelor of Engineering,,,,,,,,False,False
867ABSC,Applied Computer Science (Games Development Option),437,active,94f6de6ff0d75056bc16bd43e2f94c68a751a27c5f48a27a032c63f3daf45c07,needs-human-review,True,applied,https://www.bcit.ca/programs/applied-computer-science-games-development-option-bachelor-of-science-full-time-867absc/,True,True
867BBSC,Applied Computer Science (Network Security Applications Development Option),544,active,4d5bb33d5435980fc61ceaee634958020f918c380b931217c52197787446dbca,needs-human-review,True,applied,https://www.bcit.ca/programs/applied-computer-science-network-security-applications-development-option-bachelor-of-science-full-time-part-time-867bbsc/,True,True
867CBSC,Applied Computer Science (Database Option),303,active,75c1a8f3ece1bd41234591937fc8ff41bb985cb9af029e5d5b4492618a90bcd6,needs-human-review,True,applied,https://www.bcit.ca/programs/applied-computer-science-database-option-bachelor-of-science-full-time-part-time-867cbsc/,True,True
867DBSC,Applied Computer Science (Human Computer Interface Option),545,active,8d3a83bc771261db9224f1e253b7f232521710ec7d6d0427c4c4d3d972f69f00,needs-human-review,True,applied,https://www.bcit.ca/programs/applied-computer-science-human-computer-interface-option-bachelor-of-science-part-time-867dbsc/,True,True
867EBSC,Applied Computer Science (Network Security Administration Option),546,active,8fc63df5deee2c5907d9195efc53a6856f68d34a5c8361c02cb1d8f338d6f779,needs-human-review,True,applied,https://www.bcit.ca/programs/applied-computer-science-network-security-administration-option-bachelor-of-science-part-time-867ebsc/,True,True
867FBSC,Applied Computer Science (Wireless and Mobile Applications Development Option),547,active,fcdb13c0b896917d09542352f9cbfac28f0f65bc12ae8ee58f0c6cede2002d72,needs-human-review,True,applied,https://www.bcit.ca/programs/applied-computer-science-wireless-and-mobile-applications-development-option-bachelor-of-science-part-time-867fbsc/,True,True
8800BTECH,Construction Management,,,,,,,,False,False
8830BID,Interior Design,438,active,1684ccc57892ce18c45208640b7606ce102d72f692943e3bbea0ba49029fdf37,needs-human-review,True,applied,https://www.bcit.ca/programs/interior-design-bachelor-of-interior-design-full-time-8830bid/,True,True
8875BSN,"Nursing, Bachelor of Science in Nursing, Full-time",,,,,,,,False,False
8900BTECH,Electronics,,,,,,,,False,False
8910BSC,Honours in Biotechnology,548,active,88476f8884be8dec68419f39fd0220f4b50bd36d39b2c43665c290ee7e98276e,needs-human-review,True,applied,https://www.bcit.ca/programs/honours-in-biotechnology-bachelor-of-science-full-time-8910bsc/,True,True
9100FADVDIP,Geographic Information Systems,439,active,4809c862d03c0275ca28cb09ed0993a639add8f5eccc5036530f888bc9a0a514,needs-human-review,True,applied,https://www.bcit.ca/programs/geographic-information-systems-advanced-diploma-full-time-9100fadvdip/,True,True
9100PADVDIP,Geographic Information Systems,440,active,9933ed5f0fc0d5a693eb4eba6f109ee45a793d3bb4fef98688c41462906788dd,needs-human-review,True,applied,https://www.bcit.ca/programs/geographic-information-systems-advanced-diploma-part-time-9100padvdip/,True,True
9940BSC,Combined Honours in Biochemistry and Forensic Science,136,active,9b12b14a4278f22d5f028ee54319f68696f40d30b426ecaea0eb735ff8a2eb0a,needs-human-review,False,applied,https://www.bcit.ca/programs/combined-honours-in-biochemistry-and-forensic-science-bachelor-of-science-full-time-9940bsc/,True,True
9975BBA,Bachelor of Business Administration,246,active,b499d4964a156d6d47ab82ee094ebeb63cf2fd8a9b0b97d8c72fde8c10daa67b,needs-human-review,True,applied,https://www.bcit.ca/programs/bachelor-of-business-administration-bachelor-of-business-administration-full-time-part-time-9975bba/,True,True
9980BCI,Bachelor of Creative Industries,296,active,0ff60525f4f64e6ed35175c4348ffbca7aee3c379079889ac6da18681b3ef53d,needs-human-review,True,applied,https://www.bcit.ca/programs/bachelor-of-creative-industries-bachelor-of-creative-industries-full-time-9980bci/,True,True
A200GRCERT,Building Energy Modelling,628,active,42b22c844b2e90b9ea404648585f9e441c3d24ec73bf070de9b790171b3ef42d,needs-human-review,True,applied,https://www.bcit.ca/programs/building-energy-modelling-graduate-certificate-part-time-a200grcert/,True,True
A500GRCERT,Global Leadership,629,active,df62b1207d10ec3375aac7e8609168a9fa39ae157643df2cef1328f87b45653b,needs-human-review,True,applied,https://www.bcit.ca/programs/global-leadership-graduate-certificate-full-time-a500grcert/,True,True
A600GRCERT,Business Analytics,244,active,281814708d356b3526f80cce7f342f68e511748ca690dcfb8940d447f3b24da8,needs-human-review,True,applied,https://www.bcit.ca/programs/business-analytics-graduate-certificate-full-time-a600grcert/,True,True
A700GRCERT,Business Administration,39,active,ca0d3532a22e0728fe9ab59c1995afc6e952b74b2e0ac5386b50f00cb6b803d9,needs-human-review,False,applied,https://www.bcit.ca/programs/business-administration-graduate-certificate-full-time-a700grcert/,True,True
M120MENG,Building Science,314,active,c5908f3e87857ad7b08f952805f21114905b706ffaeddda611536b6980b6e521,needs-human-review,True,applied,https://www.bcit.ca/programs/building-science-master-of-engineering-full-time-part-time-m120meng/,True,True
M220MASC,Building Engineering/Building Science,313,active,498d79820567193d4697451a3a87d6c1687ccf7bca669335cd636f29a588a668,needs-human-review,True,applied,https://www.bcit.ca/programs/building-engineering-building-science-master-of-applied-science-full-time-part-time-m220masc/,True,True
M410MSC,Ecological Restoration,283,active,48ac9a68ae4e5a5a815d63401c1e8ea3ff32b48effb1f8455a1bf124c1c46a2c,needs-human-review,True,applied,https://www.bcit.ca/programs/ecological-restoration-master-of-science-full-time-part-time-m410msc/,True,True
M500MENG,Smart Grid Systems and Technologies,254,active,705929335b6d8992bb088ad5ee35b2c8db919c01c522f9f5f3aa17057bb3d37a,needs-human-review,True,applied,https://www.bcit.ca/programs/smart-grid-systems-and-technologies-master-of-engineering-full-time-part-time-m500meng/,True,True
M600MSC,Applied Computing,,,,,,,,False,False
