program_id,program_name,classification,structured_value,legacy_boolean,source_url
0800CM,Introductory Studies in Mass Timber Construction,unknown/not published,Refer to official program page,,https://www.bcit.ca/programs/introductory-studies-in-mass-timber-construction-microcredential-part-time-0800cm/
0801CM,Essentials of Natural Resource and Environmental Protection (MENREP),unknown/not published,Refer to official program page,,https://www.bcit.ca/programs/essentials-of-natural-resource-and-environmental-protection-menrep-microcredential-part-time-0801cm/
0803CM,Script Supervision and Continuity for Film and TV,unknown/not published,Refer to official program page,,https://www.bcit.ca/programs/script-supervision-and-continuity-for-film-and-tv-microcredential-part-time-0803cm/
0804CM,Forensic Nurse Examiner Education for RNs,unknown/not published,Refer to official program page,,https://www.bcit.ca/programs/forensic-nurse-examiner-education-for-rns-microcredential-part-time-0804cm/
0805CM,Breast Sonography,unknown/not published,Refer to official program page,,https://www.bcit.ca/programs/breast-sonography-microcredential-part-time-0805cm/
0806CM,Musculoskeletal Sonography,unknown/not published,Refer to official program page,,https://www.bcit.ca/programs/musculoskeletal-sonography-microcredential-part-time-0806cm/
0810CM,Low-Code Mobile Application Development,unknown/not published,Refer to official program page,,https://www.bcit.ca/programs/low-code-mobile-application-development-microcredential-part-time-0810cm/
0811CM,Essentials of Data Networks,unknown/not published,Refer to official program page,,https://www.bcit.ca/programs/essentials-of-data-networks-microcredential-part-time-0811cm/
0812CM,Cybersecurity Analysis for Network Administrators,unknown/not published,Refer to official program page,,https://www.bcit.ca/programs/cybersecurity-analysis-for-network-administrators-microcredential-part-time-0812cm/
0813CM,Advanced Forensic Nurse Examiner,unknown/not published,Refer to official program page,,https://www.bcit.ca/programs/advanced-forensic-nurse-examiner-microcredential-part-time-0813cm/
0814CM,Essential Field Skills for Environmental Professionals,unknown/not published,Refer to official program page,,https://www.bcit.ca/programs/essential-field-skills-for-environmental-professionals-microcredential-part-time-0814cm/
0815CM,Supervising Net-Zero and Passive House Construction,unknown/not published,Refer to official program page,,https://www.bcit.ca/programs/supervising-net-zero-and-passive-house-construction-microcredential-part-time-0815cm/
0816CM,Applied Circular Economy: Zero Waste Buildings,unknown/not published,,True,
0817CM,Introduction to Forest Health Quantification with RPAS,unknown/not published,Refer to official program page,,https://www.bcit.ca/programs/introduction-to-forest-health-quantification-with-rpas-microcredential-part-time-0817cm/
0819CM,Essentials of Net-Zero and Passive House Construction,unknown/not published,Refer to official program page,,https://www.bcit.ca/programs/essentials-of-net-zero-and-passive-house-construction-microcredential-part-time-0819cm/
0820CM,Cybersecurity Essentials for IT Professionals,unknown/not published,Refer to official program page,,https://www.bcit.ca/programs/cybersecurity-essentials-for-it-professionals-microcredential-part-time-0820cm/
0822CM,Food Safety Preventive Controls and HACCP Plans,unknown/not published,Refer to official program page,,https://www.bcit.ca/programs/food-safety-preventive-controls-and-haccp-plans-microcredential-part-time-0822cm/
0823CM,Food Safety Management,unknown/not published,Refer to official program page,,https://www.bcit.ca/programs/food-safety-management-microcredential-part-time-0823cm/
0824CM,Animal Cell Culture,unknown/not published,Refer to official program page,,https://www.bcit.ca/programs/animal-cell-culture-microcredential-part-time-0824cm/
0825CM,Canadian Employment Readiness (CER),unknown/not published,Refer to official program page,,https://www.bcit.ca/programs/canadian-employment-readiness-cer-microcredential-part-time-0825cm/
0826CM,Technical Communication Essentials,unknown/not published,Refer to official program page,,https://www.bcit.ca/programs/technical-communication-essentials-microcredential-part-time-0826cm/
0828CM,Student Mobility Preparedness,unknown/not published,Refer to official program page,,https://www.bcit.ca/programs/student-mobility-preparedness-microcredential-part-time-0828cm/
0829CM,Building Energy Modelling and Simulation,unknown/not published,Refer to official program page,,https://www.bcit.ca/programs/building-energy-modelling-and-simulation-microcredential-part-time-0829cm/
0830CM,Whole-Building Life Cycle Assessment Professional,unknown/not published,Refer to official program page,,https://www.bcit.ca/programs/whole-building-life-cycle-assessment-professional-microcredential-part-time-0830cm/
0831CM,Industrial Networking for Cybersecurity Professionals,unknown/not published,Refer to official program page,,https://www.bcit.ca/programs/industrial-networking-for-cybersecurity-professionals-microcredential-part-time-0831cm/
0832CM,Cybersecurity Operations,unknown/not published,Refer to official program page,,https://www.bcit.ca/programs/cybersecurity-operations-microcredential-part-time-0832cm/
0833CM,Forensic Nurse Death Investigator,unknown/not published,Refer to official program page,,https://www.bcit.ca/programs/forensic-nurse-death-investigator-microcredential-part-time-0833cm/
0835CM,International Education Practitioner - Foundation,unknown/not published,Refer to official program page,,https://www.bcit.ca/programs/international-education-practitioner-foundation-microcredential-part-time-0835cm/
0836CM,Drone Applications for Environmental Risk Assessment,unknown/not published,Refer to official program page,,https://www.bcit.ca/programs/drone-applications-for-environmental-risk-assessment-microcredential-part-time-0836cm/
0837CM,Foundational Digital Forensics Skills,unknown/not published,Refer to official program page,,https://www.bcit.ca/programs/foundational-digital-forensics-skills-microcredential-part-time-0837cm/
0838CM,Automotive Service Management Essentials,unknown/not published,Refer to official program page,,https://www.bcit.ca/programs/automotive-service-management-essentials-microcredential-part-time-0838cm/
0839CM,"Fiber Optics - Principles, Installation and Repair",unknown/not published,Refer to official program page,,https://www.bcit.ca/programs/fiber-optics-principles-installation-and-repair-microcredential-part-time-0839cm/
0840CM,Introduction to Full-Stack Web Development,unknown/not published,Refer to official program page,,https://www.bcit.ca/programs/introduction-to-full-stack-web-development-microcredential-part-time-0840cm/
0841CM,Web Development Foundations (WDF),unknown/not published,Refer to official program page,,https://www.bcit.ca/programs/web-development-foundations-wdf-microcredential-part-time-0841cm/
0842CM,Data Visualization with MS Power BI,unknown/not published,Refer to official program page,,https://www.bcit.ca/programs/data-visualization-with-ms-power-bi-microcredential-part-time-0842cm/
0843CM,Spanish Language and Culture Fundamentals,unknown/not published,Refer to official program page,,https://www.bcit.ca/programs/spanish-language-and-culture-fundamentals-microcredential-part-time-0843cm/
0844CM,Fundamentals of Virtual Containers,unknown/not published,Refer to official program page,,https://www.bcit.ca/programs/fundamentals-of-virtual-containers-microcredential-part-time-0844cm/
0845CM,Network Switching and Routing,unknown/not published,Refer to official program page,,https://www.bcit.ca/programs/network-switching-and-routing-microcredential-part-time-0845cm/
0846CM,Sterile Field and the Aseptic Environment,unknown/not published,Refer to official program page,,https://www.bcit.ca/programs/sterile-field-and-the-aseptic-environment-microcredential-part-time-0846cm/
0847CM,Wind Turbine Essentials,unknown/not published,Refer to official program page,,https://www.bcit.ca/programs/wind-turbine-essentials-microcredential-part-time-0847cm/
0848CM,Advanced Topics in Networking,unknown/not published,Refer to official program page,,https://www.bcit.ca/programs/advanced-topics-in-networking-microcredential-part-time-0848cm/
0849CM,Asbestos Awareness and Safety,unknown/not published,Refer to official program page,,https://www.bcit.ca/programs/asbestos-awareness-and-safety-microcredential-part-time-0849cm/
0850CM,Fraud and Financial Crime Investigation,unknown/not published,Refer to official program page,,https://www.bcit.ca/programs/fraud-and-financial-crime-investigation-microcredential-part-time-0850cm/
0851CM,Aircraft Defect Inspection and Reporting Techniques,unknown/not published,Refer to official program page,,https://www.bcit.ca/programs/aircraft-defect-inspection-and-reporting-techniques-microcredential-part-time-0851cm/
0852CM,Canadian Engineering Professional Practice,unknown/not published,Refer to official program page,,https://www.bcit.ca/programs/canadian-engineering-professional-practice-microcredential-part-time-0852cm/
0853CM,Principles of Regenerative Building,unknown/not published,Refer to official program page,,https://www.bcit.ca/programs/principles-of-regenerative-building-microcredential-part-time-0853cm/
0854CM,Essentials of Community Energy and Emissions Management,unknown/not published,Refer to official program page,,https://www.bcit.ca/programs/essentials-of-community-energy-and-emissions-management-microcredential-part-time-0854cm/
0855CM,Thermal Power Plant Simulation Proficiency,unknown/not published,Refer to official program page,,https://www.bcit.ca/programs/thermal-power-plant-simulation-proficiency-microcredential-part-time-0855cm/
0856CM,Retrofit Solutions for Rural Communities,unknown/not published,Refer to official program page,,https://www.bcit.ca/programs/retrofit-solutions-for-rural-communities-microcredential-part-time-0856cm/
0857CM,Automotive Collision Estimator,unknown/not published,Refer to official program page,,https://www.bcit.ca/programs/automotive-collision-estimator-microcredential-part-time-0857cm/
0859CM,Sexual and Reproductive Health Foundations,unknown/not published,Refer to official program page,,https://www.bcit.ca/programs/sexual-and-reproductive-health-foundations-microcredential-part-time-0859cm/
0860CM,Heat Pump Maintenance and Troubleshooting,unknown/not published,Refer to official program page,,https://www.bcit.ca/programs/heat-pump-maintenance-and-troubleshooting-microcredential-part-time-0860cm/
0861CM,Climate Changemakers Leadership Training,unknown/not published,Refer to official program page,,https://www.bcit.ca/programs/climate-changemakers-leadership-training-microcredential-part-time-0861cm/
0862CM,Residential Air to Air Heat Pump Specialist,unknown/not published,Refer to official program page,,https://www.bcit.ca/programs/residential-air-to-air-heat-pump-specialist-microcredential-part-time-0862cm/
0864CM,Marine Business Essentials,unknown/not published,Refer to official program page,,https://www.bcit.ca/programs/marine-business-essentials-microcredential-part-time-0864cm/
0865CM,Introduction to Power Systems Protection Design,unknown/not published,Refer to official program page,,https://www.bcit.ca/programs/introduction-to-power-systems-protection-design-microcredential-part-time-0865cm/
0866CM,Distribution Design for Electrical Utilities,unknown/not published,Refer to official program page,,https://www.bcit.ca/programs/distribution-design-for-electrical-utilities-microcredential-part-time-0866cm/
0869CM,Occupational Health and Safety Essentials,unknown/not published,Refer to official program page,,https://www.bcit.ca/programs/occupational-health-and-safety-essentials-microcredential-part-time-0869cm/
0870CM,Sexual Health Rehabilitation,unknown/not published,Refer to official program page,,https://www.bcit.ca/programs/sexual-health-rehabilitation-microcredential-part-time-0870cm/
0872CM,Techniques for Crime & Intelligence Analysts (TCIA),unknown/not published,Refer to official program page,,https://www.bcit.ca/programs/techniques-for-crime-and-intelligence-analysts-tcia-microcredential-part-time-0872cm/
0873CM,Fundamentals in Polytechnic Teaching,unknown/not published,Refer to official program page,,https://www.bcit.ca/programs/fundamentals-in-polytechnic-teaching-microcredential-part-time-0873cm/
0874CM,"Fundamentals in Architecture, Construction, and Engineering",unknown/not published,Refer to official program page,,https://www.bcit.ca/programs/fundamentals-in-architecture-construction-and-engineering-microcredential-part-time-0874cm/
0875CM,Applied Additive Manufacturing,unknown/not published,Refer to official program page,,https://www.bcit.ca/programs/applied-additive-manufacturing-microcredential-part-time-0875cm/
0876CM,Applied Mass Timber Engineering,unknown/not published,Refer to official program page,,https://www.bcit.ca/programs/applied-mass-timber-engineering-microcredential-part-time-0876cm/
100ADIPMA,Airline and Flight Operations Commercial Pilot (Fixed-Wing),unknown/not published,Refer to official program page,,https://www.bcit.ca/programs/airline-and-flight-operations-commercial-pilot-fixed-wing-diploma-full-time-100adipma/
100BDIPMA,Airline and Flight Operations Commercial Pilot (Rotary-Wing),unknown/not published,Refer to official program page,,https://www.bcit.ca/programs/airline-and-flight-operations-commercial-pilot-rotary-wing-diploma-full-time-100bdipma/
1030CERTTS,Aircraft Gas Turbine Technician,unknown/not published,Refer to official program page,,https://www.bcit.ca/programs/aircraft-gas-turbine-technician-certificate-full-time-1030certts/
1070ACERT,Airport Operations,unknown/not published,Refer to official program page,,https://www.bcit.ca/programs/airport-operations-associate-certificate-part-time-1070acert/
1155ACERT,Construction Drawings,unknown/not published,Refer to official program page,,https://www.bcit.ca/programs/construction-drawings-associate-certificate-part-time-1155acert/
1165DIPMA,Aircraft Maintenance Engineer Category ‘E’ (Electronics),explicitly allowed,Available to international applicants,True,https://www.bcit.ca/programs/aircraft-maintenance-engineer-category-e-electronics-diploma-full-time-1165dipma/
1175DIPMA,Aviation Management and Operations,unknown/not published,Refer to official program page,,https://www.bcit.ca/programs/aviation-management-and-operations-diploma-full-time-1175dipma/
1180ACERT,Trades Discovery General,unknown/not published,Refer to official program page,,https://www.bcit.ca/programs/trades-discovery-general-associate-certificate-full-time-1180acert/
1190ACERT,Trades Discovery for Women,unknown/not published,Refer to official program page,,https://www.bcit.ca/programs/trades-discovery-for-women-associate-certificate-full-time-1190acert/
1195IPCERT,Advanced Gas Turbine,unknown/not published,Refer to official program page,,https://www.bcit.ca/programs/advanced-gas-turbine-bcit-industry-partnership-certificate-full-time-1195ipcert/
1205DIPMA,Aircraft Maintenance Engineer Category 'S' (Structures),explicitly allowed,Available to international applicants,True,https://www.bcit.ca/programs/aircraft-maintenance-engineer-category-s-structures-diploma-full-time-1205dipma/
1230DIPMA,Aircraft Maintenance Engineer Category 'M' (Maintenance),explicitly allowed,Available to international applicants,True,https://www.bcit.ca/programs/aircraft-maintenance-engineer-category-m-maintenance-diploma-full-time-1230dipma/
1255CERT,Auto Body Repair and Refinishing Technician Foundation,unknown/not published,Refer to official program page,,https://www.bcit.ca/programs/auto-body-repair-and-refinishing-technician-foundation-certificate-full-time-1255cert/
1320ADCERT,Automated Controls Installation and Maintenance,unknown/not published,Refer to official program page,,https://www.bcit.ca/programs/automated-controls-installation-and-maintenance-advanced-certificate-part-time-1320adcert/
1355TTCERT,Automotive Technician Foundation,unknown/not published,Refer to official program page,,https://www.bcit.ca/programs/automotive-technician-foundation-certificate-full-time-1355ttcert/
1360CERT,Automotive Technician (Honda/Acura Foundation),unknown/not published,Refer to official program page,,https://www.bcit.ca/programs/automotive-technician-honda-acura-foundation-certificate-full-time-1360cert/
1375TTCERT,Automotive Technician (Toyota Foundation),unknown/not published,Refer to official program page,,https://www.bcit.ca/programs/automotive-technician-toyota-foundation-certificate-full-time-1375ttcert/
1430DIPMA,Automotive Service Technician and Operations,unknown/not published,Refer to official program page,,https://www.bcit.ca/programs/automotive-service-technician-and-operations-diploma-full-time-1430dipma/
143ADIPMA,Automotive Service Technician and Operations (Ford ASSET Option),unknown/not published,Refer to official program page,,https://www.bcit.ca/programs/automotive-service-technician-and-operations-ford-asset-option-diploma-full-time-143adipma/
143BDIPMA,Automotive Service Technician and Operations - Non-Co-op Option,unknown/not published,Refer to official program page,,https://www.bcit.ca/programs/automotive-service-technician-and-operations-non-co-op-option-diploma-full-time-143bdipma/
1450TTCERT,Boilermaker Foundation,unknown/not published,Refer to official program page,,https://www.bcit.ca/programs/boilermaker-foundation-certificate-full-time-1450ttcert/
1525TTDIPL,CNC Machinist Technician,unknown/not published,Refer to official program page,,https://www.bcit.ca/programs/cnc-machinist-technician-diploma-full-time-1525ttdipl/
1645CERT,Carpentry Framing and Forming Foundation,unknown/not published,Refer to official program page,,https://www.bcit.ca/programs/carpentry-framing-and-forming-foundation-certificate-full-time-1645cert/
1685ACERT,Railway Conductor and Operations,unknown/not published,Refer to official program page,,https://www.bcit.ca/programs/railway-conductor-and-operations-associate-certificate-part-time-1685acert/
1710CERTTS,Architectural and Structural CADD and Graphics Technician (Structural Option),unknown/not published,Refer to official program page,,https://www.bcit.ca/programs/architectural-and-structural-cadd-and-graphics-technician-structural-option-certificate-full-time-1710certts/
1720CERTTS,Architectural and Structural CADD and Graphics Technician (Architectural Option),unknown/not published,Refer to official program page,,https://www.bcit.ca/programs/architectural-and-structural-cadd-and-graphics-technician-architectural-option-certificate-full-time-1720certts/
1780CERT,Electrical Foundation,unknown/not published,Refer to official program page,,https://www.bcit.ca/programs/electrical-foundation-certificate-full-time-1780cert/
1790ACERT,Hydronic Technician,unknown/not published,Refer to official program page,,https://www.bcit.ca/programs/hydronic-technician-associate-certificate-part-time-1790acert/
1855DIPMA,Heavy Duty Truck Technology,unknown/not published,Refer to official program page,,https://www.bcit.ca/programs/heavy-duty-truck-technology-diploma-full-time-1855dipma/
1885ACERTS,Network Administrator Technician,unknown/not published,Refer to official program page,,https://www.bcit.ca/programs/network-administrator-technician-associate-certificate-part-time-1885acerts/
1920CERT,Marine Mechanical Technician Foundation,unknown/not published,Refer to official program page,,https://www.bcit.ca/programs/marine-mechanical-technician-foundation-certificate-full-time-1920cert/
1930DIPMA,Computer Information Systems Administration,unknown/not published,Refer to official program page,,https://www.bcit.ca/programs/computer-information-systems-administration-diploma-full-time-1930dipma/
1940CERT,Heavy Mechanical Trades Foundation,unknown/not published,Refer to official program page,,https://www.bcit.ca/programs/heavy-mechanical-trades-foundation-certificate-full-time-1940cert/
2000TTCERT,Ironworker Foundation,unknown/not published,Refer to official program page,,https://www.bcit.ca/programs/ironworker-foundation-certificate-full-time-2000ttcert/
2020CERTTS,Chief Mate,unknown/not published,Refer to official program page,,https://www.bcit.ca/programs/chief-mate-certificate-part-time-2020certts/
2060CERT,Cabinetmaker (Joiner) Foundation,unknown/not published,Refer to official program page,,https://www.bcit.ca/programs/cabinetmaker-joiner-foundation-certificate-full-time-2060cert/
2175TTCERT,Machinist Foundation,unknown/not published,Refer to official program page,,https://www.bcit.ca/programs/machinist-foundation-certificate-full-time-2175ttcert/
2230CERT,Millwright Foundation,unknown/not published,Refer to official program page,,https://www.bcit.ca/programs/millwright-foundation-certificate-full-time-2230cert/
2365CERT,Motorcycle Technician Foundation,unknown/not published,Refer to official program page,,https://www.bcit.ca/programs/motorcycle-technician-foundation-certificate-full-time-2365cert/
2410TTCERT,Power Engineering (General Program),unknown/not published,Refer to official program page,,https://www.bcit.ca/programs/power-engineering-general-program-certificate-full-time-2410ttcert/
2425CERT,Refrigeration and Air Conditioning Mechanic Foundation,unknown/not published,Refer to official program page,,https://www.bcit.ca/programs/refrigeration-and-air-conditioning-mechanic-foundation-certificate-full-time-2425cert/
2430DIPMA,Power and Process Engineering,unknown/not published,Refer to official program page,,https://www.bcit.ca/programs/power-and-process-engineering-diploma-full-time-2430dipma/
2440CERT,Piping Foundation,unknown/not published,Refer to official program page,,https://www.bcit.ca/programs/piping-foundation-certificate-full-time-2440cert/
2505ACERTS,Master 150GT Domestic,unknown/not published,Refer to official program page,,https://www.bcit.ca/programs/master-150gt-domestic-associate-certificate-part-time-2505acerts/
2515ACERTS,Master 500GT Domestic,unknown/not published,Refer to official program page,,https://www.bcit.ca/programs/master-500gt-domestic-associate-certificate-part-time-2515acerts/
2522CERTTS,Master 3000GT Domestic,unknown/not published,Refer to official program page,,https://www.bcit.ca/programs/master-3000gt-domestic-certificate-part-time-2522certts/
2536DIPMA,Nautical Sciences,unknown/not published,Refer to official program page,,https://www.bcit.ca/programs/nautical-sciences-diploma-full-time-2536dipma/
2542CERTTS,Watchkeeping Mate Near Coastal (WKMNC),unknown/not published,Refer to official program page,,https://www.bcit.ca/programs/watchkeeping-mate-near-coastal-wkmnc-certificate-part-time-2542certts/
2645CERT,Sheet Metal Worker Foundation,unknown/not published,Refer to official program page,,https://www.bcit.ca/programs/sheet-metal-worker-foundation-certificate-full-time-2645cert/
2825CERT,Metal Fabricator Foundation,unknown/not published,Refer to official program page,,https://www.bcit.ca/programs/metal-fabricator-foundation-certificate-full-time-2825cert/
2847CERT,Welder Foundation,unknown/not published,Refer to official program page,,https://www.bcit.ca/programs/welder-foundation-certificate-full-time-2847cert/
2860TTCERT,"Welding, Level B",unknown/not published,Refer to official program page,,https://www.bcit.ca/programs/welding-level-b-certificate-full-time-2860ttcert/
2870TTCERT,"Welding, Level A",unknown/not published,Refer to official program page,,https://www.bcit.ca/programs/welding-level-a-certificate-full-time-2870ttcert/
2885ADVDIP,Marine Engineering,unknown/not published,Refer to official program page,,https://www.bcit.ca/programs/marine-engineering-advanced-diploma-full-time-2885advdip/
2915CERT,Security Systems Technician,unknown/not published,Refer to official program page,,https://www.bcit.ca/programs/security-systems-technician-certificate-full-time-2915cert/
2933ACERT,Bridge Watch Rating,unknown/not published,Refer to official program page,,https://www.bcit.ca/programs/bridge-watch-rating-associate-certificate-full-time-2933acert/
2942DIPMA,Marine Engineering,unknown/not published,Refer to official program page,,https://www.bcit.ca/programs/marine-engineering-diploma-full-time-2942dipma/
2945DIPMA,Industrial Instrumentation and Process Control Technician,unknown/not published,Refer to official program page,,https://www.bcit.ca/programs/industrial-instrumentation-and-process-control-technician-diploma-full-time-2945dipma/
2958CERT,"Heating, Ventilation, Air Conditioning and Refrigeration Technician",unknown/not published,Refer to official program page,,https://www.bcit.ca/programs/heating-ventilation-air-conditioning-and-refrigeration-technician-certificate-full-time-2958cert/
2992DIPMA,"Heating, Ventilation, Air Conditioning and Refrigeration Technician",unknown/not published,Refer to official program page,,https://www.bcit.ca/programs/heating-ventilation-air-conditioning-and-refrigeration-technician-diploma-full-time-2992dipma/
5063DIPMA,Biomedical Engineering Technology,unknown/not published,Refer to official program page,,https://www.bcit.ca/programs/biomedical-engineering-technology-diploma-full-time-5063dipma/
5077CERT,Event Marketing and Management Strategy,unknown/not published,Refer to official program page,,https://www.bcit.ca/programs/event-marketing-and-management-strategy-certificate-part-time-5077cert/
5085ACERT,Project Management,unknown/not published,Refer to official program page,,https://www.bcit.ca/programs/project-management-associate-certificate-part-time-5085acert/
5105DIPMA,Digital Communications and Wireless Technologies,unknown/not published,Refer to official program page,,https://www.bcit.ca/programs/digital-communications-and-wireless-technologies-diploma-full-time-5105dipma/
5115ACERT,Music Business,unknown/not published,Refer to official program page,,https://www.bcit.ca/programs/music-business-associate-certificate-part-time-5115acert/
5125ACERT,Business of Sawmilling,unknown/not published,Refer to official program page,,https://www.bcit.ca/programs/business-of-sawmilling-associate-certificate-part-time-5125acert/
5140ACERT,Business Administration,unknown/not published,Refer to official program page,,https://www.bcit.ca/programs/business-administration-associate-certificate-part-time-5140acert/
5145ADCERT,Sustainable Business,unknown/not published,Refer to official program page,,https://www.bcit.ca/programs/sustainable-business-advanced-certificate-part-time-5145adcert/
5155DIPMA,"Food Processing, Safety, and Quality",unknown/not published,Refer to official program page,,https://www.bcit.ca/programs/food-processing-safety-and-quality-diploma-full-time-5155dipma/
515GACERT,Building Construction Technology,unknown/not published,Refer to official program page,,https://www.bcit.ca/programs/building-construction-technology-associate-certificate-part-time-515gacert/
515HACERT,Building Design and Architectural CAD,unknown/not published,Refer to official program page,,https://www.bcit.ca/programs/building-design-and-architectural-cad-associate-certificate-part-time-515hacert/
5160ACERT,Industrial Wood Processing,unknown/not published,Refer to official program page,,https://www.bcit.ca/programs/industrial-wood-processing-associate-certificate-part-time-5160acert/
5165ADCERT,Digital Health,unknown/not published,Refer to official program page,,https://www.bcit.ca/programs/digital-health-advanced-certificate-part-time-5165adcert/
5170ACERT,Healthcare Unit Clerk,unknown/not published,Refer to official program page,,https://www.bcit.ca/programs/healthcare-unit-clerk-associate-certificate-part-time-5170acert/
5175ACERT,Polytechnic Teaching,unknown/not published,Refer to official program page,,https://www.bcit.ca/programs/polytechnic-teaching-associate-certificate-part-time-5175acert/
5180ADVDIP,Sustainable Business Leadership,unknown/not published,Refer to official program page,,https://www.bcit.ca/programs/sustainable-business-leadership-advanced-diploma-full-time-5180advdip/
5180PADVDIP,Sustainable Business Leadership,unknown/not published,Refer to official program page,,https://www.bcit.ca/programs/sustainable-business-leadership-advanced-diploma-part-time-5180padvdip/
5205ACERT,Business Analysis,unknown/not published,Refer to official program page,,https://www.bcit.ca/programs/business-analysis-associate-certificate-part-time-5205acert/
5225ACERT,Construction of Mass Timber Structures,unknown/not published,Refer to official program page,,https://www.bcit.ca/programs/construction-of-mass-timber-structures-associate-certificate-part-time-5225acert/
5235ADCERT,Building Energy Modelling and Performance Analysis,unknown/not published,Refer to official program page,,https://www.bcit.ca/programs/building-energy-modelling-and-performance-analysis-advanced-certificate-part-time-5235adcert/
5240ADVDIP,Technical Arts,unknown/not published,Refer to official program page,,https://www.bcit.ca/programs/technical-arts-advanced-diploma-full-time-5240advdip/
5245ACERT,Artificial Intelligence Management,unknown/not published,Refer to official program page,,https://www.bcit.ca/programs/artificial-intelligence-management-associate-certificate-part-time-5245acert/
5265DIPMA,Industrial Network Cybersecurity,unknown/not published,Refer to official program page,,https://www.bcit.ca/programs/industrial-network-cybersecurity-diploma-full-time-5265dipma/
5275ACERT,Business Intelligence,unknown/not published,Refer to official program page,,https://www.bcit.ca/programs/business-intelligence-associate-certificate-part-time-5275acert/
528AADCERT,Forensic Investigation (Crime and Intelligence Analysis Option),unknown/not published,Refer to official program page,,https://www.bcit.ca/programs/forensic-investigation-crime-and-intelligence-analysis-option-advanced-certificate-part-time-528aadcert/
528BADCERT,Forensic Investigation (Forensic Science Option),unknown/not published,Refer to official program page,,https://www.bcit.ca/programs/forensic-investigation-forensic-science-option-advanced-certificate-part-time-528badcert/
528CADCERT,Forensic Investigation (Digital Forensics and Cybersecurity Option),unknown/not published,Refer to official program page,,https://www.bcit.ca/programs/forensic-investigation-digital-forensics-and-cybersecurity-option-advanced-certificate-part-time-528cadcert/
5290ADVDIP,Professional Accounting,unknown/not published,Refer to official program page,,https://www.bcit.ca/programs/professional-accounting-advanced-diploma-full-time-part-time-5290advdip/
5295ACERT,Business Data Management,unknown/not published,Refer to official program page,,https://www.bcit.ca/programs/business-data-management-associate-certificate-part-time-5295acert/
530ADIPLT,Cardiology Technology,unknown/not published,Refer to official program page,,https://www.bcit.ca/programs/cardiology-technology-diploma-part-time-530adiplt/
5310ADCERT,Cardiac Sciences (Cardiovascular Technology Option),unknown/not published,Refer to official program page,,https://www.bcit.ca/programs/cardiac-sciences-cardiovascular-technology-option-advanced-certificate-part-time-5310adcert/
5312ADVDIP,Business Management - Advanced Diploma,unknown/not published,Refer to official program page,,https://www.bcit.ca/programs/business-management-advanced-diploma-advanced-diploma-full-time-part-time-5312advdip/
5320ADCERT,Cardiac Sciences (Electrophysiology Technology Option),unknown/not published,Refer to official program page,,https://www.bcit.ca/programs/cardiac-sciences-electrophysiology-technology-option-advanced-certificate-part-time-5320adcert/
5325ACERT,Foundations in Occupational Health and Safety,unknown/not published,Refer to official program page,,https://www.bcit.ca/programs/foundations-in-occupational-health-and-safety-associate-certificate-part-time-5325acert/
5330ADCERT,Cardiac Sciences (Cardiac Rhythm Device Technology Option),unknown/not published,Refer to official program page,,https://www.bcit.ca/programs/cardiac-sciences-cardiac-rhythm-device-technology-option-advanced-certificate-part-time-5330adcert/
534ADIPMA,Electrical and Computer Engineering Technology (Automation and Instrumentation Option),unknown/not published,Refer to official program page,,https://www.bcit.ca/programs/electrical-and-computer-engineering-technology-automation-and-instrumentation-option-diploma-full-time-534adipma/
534BDIPMA,Electrical and Computer Engineering Technology (Electrical Power and Industrial Control Option),unknown/not published,Refer to official program page,,https://www.bcit.ca/programs/electrical-and-computer-engineering-technology-electrical-power-and-industrial-control-option-diploma-full-time-534bdipma/
534CDIPMA,Electrical and Computer Engineering Technology (Telecommunications and Networks Option),unknown/not published,Refer to official program page,,https://www.bcit.ca/programs/electrical-and-computer-engineering-technology-telecommunications-and-networks-option-diploma-full-time-534cdipma/
5365ACERT,Digital Media Foundations,unknown/not published,Refer to official program page,,https://www.bcit.ca/programs/digital-media-foundations-associate-certificate-part-time-5365acert/
5375DIPMA,Chemical and Environmental Engineering Technology,unknown/not published,Refer to official program page,,https://www.bcit.ca/programs/chemical-and-environmental-engineering-technology-diploma-full-time-5375dipma/
5410DIPLT,Civil Engineering Diploma,unknown/not published,,,
5430ACERT,Civil Technology,unknown/not published,Refer to official program page,,https://www.bcit.ca/programs/civil-technology-associate-certificate-part-time-5430acert/
5430CERT,Civil Technology,unknown/not published,Refer to official program page,,https://www.bcit.ca/programs/civil-technology-certificate-part-time-5430cert/
5440ADCERT,Geographic Information Systems,unknown/not published,Refer to official program page,,https://www.bcit.ca/programs/geographic-information-systems-advanced-certificate-part-time-5440adcert/
5500CERT,Computer Systems,unknown/not published,Refer to official program page,,https://www.bcit.ca/programs/computer-systems-certificate-part-time-5500cert/
5500DIPMA,Computer Systems Technology,unknown/not published,Refer to official program page,,https://www.bcit.ca/programs/computer-systems-technology-diploma-full-time-5500dipma/
5500PDIPLT,Computer Systems,unknown/not published,Refer to official program page,,https://www.bcit.ca/programs/computer-systems-diploma-part-time-5500pdiplt/
5512CERT,Applied Data Analytics,unknown/not published,Refer to official program page,,https://www.bcit.ca/programs/applied-data-analytics-certificate-part-time-5512cert/
5515ACERT,Applied Network Administration and Design,unknown/not published,Refer to official program page,,https://www.bcit.ca/programs/applied-network-administration-and-design-associate-certificate-part-time-5515acert/
5530ACERT,Agile Development,unknown/not published,Refer to official program page,,https://www.bcit.ca/programs/agile-development-associate-certificate-part-time-5530acert/
5540DIPMA,Computer Information Technology,unknown/not published,Refer to official program page,,https://www.bcit.ca/programs/computer-information-technology-diploma-full-time-5540dipma/
5570ACERT,Computer Aided Design (CAD) Technology,unknown/not published,Refer to official program page,,https://www.bcit.ca/programs/computer-aided-design-cad-technology-associate-certificate-part-time-5570acert/
5670ADVDIP,Clinical Genetics Technology,unknown/not published,Refer to official program page,,https://www.bcit.ca/programs/clinical-genetics-technology-advanced-diploma-full-time-5670advdip/
5725ACERT,Computerized Accounting,unknown/not published,Refer to official program page,,https://www.bcit.ca/programs/computerized-accounting-associate-certificate-part-time-5725acert/
5755ACERT,Occupational Health and Safety Practitioners,unknown/not published,Refer to official program page,,https://www.bcit.ca/programs/occupational-health-and-safety-practitioners-associate-certificate-part-time-5755acert/
576ADIPMA,Diagnostic Medical Sonography (General Sonography Option),unknown/not published,Refer to official program page,,https://www.bcit.ca/programs/diagnostic-medical-sonography-general-sonography-option-diploma-full-time-576adipma/
576BDIPMA,Diagnostic Medical Sonography (Cardiac Sonography Option),unknown/not published,Refer to official program page,,https://www.bcit.ca/programs/diagnostic-medical-sonography-cardiac-sonography-option-diploma-full-time-576bdipma/
576CDIPMA,Diagnostic Medical Sonography (General and Cardiac Sonography Option),unknown/not published,Refer to official program page,,https://www.bcit.ca/programs/diagnostic-medical-sonography-general-and-cardiac-sonography-option-diploma-full-time-576cdipma/
5810DIPMA,Electroneurophysiology,unknown/not published,Refer to official program page,,https://www.bcit.ca/programs/electroneurophysiology-diploma-full-time-5810dipma/
585CMCERT,Financial Management (Finance Option),unknown/not published,Refer to official program page,,https://www.bcit.ca/programs/financial-management-finance-option-certificate-part-time-585cmcert/
585FMCERT,Financial Management (Professional Accounting Option),unknown/not published,Refer to official program page,,https://www.bcit.ca/programs/financial-management-professional-accounting-option-certificate-part-time-585fmcert/
585IACERT,Financial Management (Financial Planning),unknown/not published,Refer to official program page,,https://www.bcit.ca/programs/financial-management-financial-planning-associate-certificate-part-time-585iacert/
5880DIPLT,General Insurance and Risk Management,unknown/not published,Refer to official program page,,https://www.bcit.ca/programs/general-insurance-and-risk-management-diploma-full-time-5880diplt/
5985ACERT,User Interface (UI) and User Experience (UX) Design,unknown/not published,Refer to official program page,,https://www.bcit.ca/programs/user-interface-ui-and-user-experience-ux-design-associate-certificate-part-time-5985acert/
6005ACERT,Payroll and Human Resources,unknown/not published,Refer to official program page,,https://www.bcit.ca/programs/payroll-and-human-resources-associate-certificate-part-time-6005acert/
6008CERT,Payroll Administration,unknown/not published,Refer to official program page,,https://www.bcit.ca/programs/payroll-administration-certificate-part-time-6008cert/
6030CERT,Architectural and Building Technology,unknown/not published,Refer to official program page,,https://www.bcit.ca/programs/architectural-and-building-technology-certificate-part-time-6030cert/
6035DIPMA,Accounting,unknown/not published,Refer to official program page,,https://www.bcit.ca/programs/accounting-diploma-full-time-6035dipma/
6035PDIPMA,Accounting,unknown/not published,Refer to official program page,,https://www.bcit.ca/programs/accounting-diploma-part-time-6035pdipma/
6040ACERT,Fundamentals of Water and Wastewater Operations,unknown/not published,Refer to official program page,,https://www.bcit.ca/programs/fundamentals-of-water-and-wastewater-operations-associate-certificate-part-time-6040acert/
6045DIPMA,Finance,unknown/not published,Refer to official program page,,https://www.bcit.ca/programs/finance-diploma-full-time-6045dipma/
6045PDIPMA,Finance,unknown/not published,Refer to official program page,,https://www.bcit.ca/programs/finance-diploma-part-time-6045pdipma/
6055DIPMA,Financial Planning,unknown/not published,Refer to official program page,,https://www.bcit.ca/programs/financial-planning-diploma-full-time-6055dipma/
6055PDIPMA,Financial Planning,unknown/not published,Refer to official program page,,https://www.bcit.ca/programs/financial-planning-diploma-part-time-6055pdipma/
605DDIPMA,Technology Teacher Education,unknown/not published,Refer to official program page,,https://www.bcit.ca/programs/technology-teacher-education-diploma-full-time-605ddipma/
6090CERT,"Essential Technical Skills for Architecture, Construction, and Engineering",unknown/not published,Refer to official program page,,https://www.bcit.ca/programs/essential-technical-skills-for-architecture-construction-and-engineering-certificate-part-time-6090cert/
6110DIPMA,Radio Arts and Entertainment,unknown/not published,Refer to official program page,,https://www.bcit.ca/programs/radio-arts-and-entertainment-diploma-full-time-6110dipma/
6115ACERT,Broadcast and Digital Journalism,unknown/not published,Refer to official program page,,https://www.bcit.ca/programs/broadcast-and-digital-journalism-associate-certificate-part-time-6115acert/
6120ACERT,Video Production and Editing,unknown/not published,Refer to official program page,,https://www.bcit.ca/programs/video-production-and-editing-associate-certificate-part-time-6120acert/
6125ACERT,Radio Arts and Entertainment,unknown/not published,Refer to official program page,,https://www.bcit.ca/programs/radio-arts-and-entertainment-associate-certificate-part-time-6125acert/
6130DIPMA,Television & Video Production,unknown/not published,Refer to official program page,,https://www.bcit.ca/programs/television-video-production-diploma-full-time-6130dipma/
6135DIPMA,Broadcast and Online Journalism,unknown/not published,Refer to official program page,,https://www.bcit.ca/programs/broadcast-and-online-journalism-diploma-full-time-6135dipma/
6140DIPMA,Residential Interiors,unknown/not published,Refer to official program page,,https://www.bcit.ca/programs/residential-interiors-diploma-part-time-6140dipma/
6185ADCERT,Renewable Energy Electrical Systems Installation & Maintenance,unknown/not published,Refer to official program page,,https://www.bcit.ca/programs/renewable-energy-electrical-systems-installation-and-maintenance-advanced-certificate-part-time-6185adcert/
6195CERT,Interior Design Fundamentals,unknown/not published,Refer to official program page,,https://www.bcit.ca/programs/interior-design-fundamentals-certificate-full-time-part-time-6195cert/
6220FDIPMA,Interior Design,unknown/not published,Refer to official program page,,https://www.bcit.ca/programs/interior-design-diploma-full-time-6220fdipma/
6220PDIPMA,Interior Design,unknown/not published,Refer to official program page,,https://www.bcit.ca/programs/interior-design-diploma-part-time-6220pdipma/
6225ACERT,Global Business Studies,unknown/not published,Refer to official program page,,https://www.bcit.ca/programs/global-business-studies-associate-certificate-part-time-6225acert/
6235DIPMA,Business Information Technology Management,unknown/not published,Refer to official program page,,https://www.bcit.ca/programs/business-information-technology-management-diploma-full-time-6235dipma/
623ADIPMA,Business Information Technology Management (Artificial Intelligence Management Option),unknown/not published,Refer to official program page,,https://www.bcit.ca/programs/business-information-technology-management-artificial-intelligence-management-option-diploma-full-time-623adipma/
623BDIPMA,Business Information Technology Management (Enterprise Systems Management Option),unknown/not published,Refer to official program page,,https://www.bcit.ca/programs/business-information-technology-management-enterprise-systems-management-option-diploma-full-time-623bdipma/
623CDIPMA,Business Information Technology Management (Analytics Data Management Option),unknown/not published,Refer to official program page,,https://www.bcit.ca/programs/business-information-technology-management-analytics-data-management-option-diploma-full-time-623cdipma/
6245DIPLT,Business Management,unknown/not published,Refer to official program page,,https://www.bcit.ca/programs/business-management-diploma-full-time-6245diplt/
6245MCERT,Business Management,unknown/not published,Refer to official program page,,https://www.bcit.ca/programs/business-management-certificate-part-time-6245mcert/
6247DIPMA,Graphic Communications,unknown/not published,Refer to official program page,,https://www.bcit.ca/programs/graphic-communications-diploma-full-time-6247dipma/
625AMCERT,Human Resource Management,unknown/not published,Refer to official program page,,https://www.bcit.ca/programs/human-resource-management-certificate-part-time-625amcert/
6265ACERT,Lean Six Sigma Principles,unknown/not published,Refer to official program page,,https://www.bcit.ca/programs/lean-six-sigma-principles-associate-certificate-part-time-6265acert/
6285CERT,Fire Service Industry Leadership,unknown/not published,Refer to official program page,,https://www.bcit.ca/programs/fire-service-industry-leadership-certificate-part-time-6285cert/
6290DIPMA,Strategic Human Resources Management,unknown/not published,Refer to official program page,,https://www.bcit.ca/programs/strategic-human-resources-management-diploma-full-time-6290dipma/
6300MCERT,Marketing Management,unknown/not published,Refer to official program page,,https://www.bcit.ca/programs/marketing-management-certificate-part-time-6300mcert/
630DACERT,Marketing Management - Marketing Communications,unknown/not published,Refer to official program page,,https://www.bcit.ca/programs/marketing-management-marketing-communications-associate-certificate-part-time-630dacert/
630DMCERT,Marketing Management (Marketing Communications Option),unknown/not published,Refer to official program page,,https://www.bcit.ca/programs/marketing-management-marketing-communications-option-certificate-part-time-630dmcert/
630HACERT,Marketing Management - Entrepreneurship,unknown/not published,Refer to official program page,,https://www.bcit.ca/programs/marketing-management-entrepreneurship-associate-certificate-part-time-630hacert/
630MACERT,Marketing Management - Sales Skills,unknown/not published,Refer to official program page,,https://www.bcit.ca/programs/marketing-management-sales-skills-associate-certificate-part-time-630macert/
630PMCERT,Media Techniques and Marketing Communications,unknown/not published,Refer to official program page,,https://www.bcit.ca/programs/media-techniques-and-marketing-communications-certificate-part-time-630pmcert/
630VMCERT,Marketing Management (Professional Sales Option),unknown/not published,Refer to official program page,,https://www.bcit.ca/programs/marketing-management-professional-sales-option-certificate-part-time-630vmcert/
630WACERT,Marketing Management - Customer Relationship Marketing,unknown/not published,Refer to official program page,,https://www.bcit.ca/programs/marketing-management-customer-relationship-marketing-associate-certificate-part-time-630wacert/
630XACERT,Marketing Management - Public Relations,unknown/not published,Refer to official program page,,https://www.bcit.ca/programs/marketing-management-public-relations-associate-certificate-part-time-630xacert/
6310ACERT,Nonprofit Management,unknown/not published,Refer to official program page,,https://www.bcit.ca/programs/nonprofit-management-associate-certificate-part-time-6310acert/
6315ACERT,Event Marketing and Planning Foundations,unknown/not published,Refer to official program page,,https://www.bcit.ca/programs/event-marketing-and-planning-foundations-associate-certificate-part-time-6315acert/
635CDIPLT,Mechanical Engineering Technology (Mechanical Systems Option),unknown/not published,Refer to official program page,,https://www.bcit.ca/programs/mechanical-engineering-technology-mechanical-systems-option-diploma-full-time-635cdiplt/
635DDIPLT,Mechanical Engineering Technology (Mechanical Design Option),unknown/not published,Refer to official program page,,https://www.bcit.ca/programs/mechanical-engineering-technology-mechanical-design-option-diploma-full-time-635ddiplt/
635EDIPLT,Mechanical Engineering Technology (Mechanical Manufacturing Option),unknown/not published,Refer to official program page,,https://www.bcit.ca/programs/mechanical-engineering-technology-mechanical-manufacturing-option-diploma-full-time-635ediplt/
6365ACERT,Food Safety,unknown/not published,Refer to official program page,,https://www.bcit.ca/programs/food-safety-associate-certificate-part-time-6365acert/
6375ACERT,Digital Marketing Foundations,unknown/not published,Refer to official program page,,https://www.bcit.ca/programs/digital-marketing-foundations-associate-certificate-part-time-6375acert/
6385ACERT,Digital Marketing Strategy,unknown/not published,Refer to official program page,,https://www.bcit.ca/programs/digital-marketing-strategy-associate-certificate-part-time-6385acert/
6390ACERT,Marketing Management - Fundraising Management,unknown/not published,Refer to official program page,,https://www.bcit.ca/programs/marketing-management-fundraising-management-associate-certificate-part-time-6390acert/
6422DIPMA,Marketing Management,unknown/not published,Refer to official program page,,https://www.bcit.ca/programs/marketing-management-diploma-full-time-6422dipma/
6425ACERT,Technical Writing,unknown/not published,Refer to official program page,,https://www.bcit.ca/programs/technical-writing-associate-certificate-part-time-6425acert/
642ADIPMA,Marketing Management (Digital Marketing and Brand Strategy Option),unknown/not published,Refer to official program page,,https://www.bcit.ca/programs/marketing-management-digital-marketing-and-brand-strategy-option-diploma-full-time-642adipma/
642BDIPMA,Marketing Management (Professional Sales Option),unknown/not published,Refer to official program page,,https://www.bcit.ca/programs/marketing-management-professional-sales-option-diploma-full-time-642bdipma/
642CDIPMA,Marketing Management (Entrepreneurship Option),unknown/not published,Refer to official program page,,https://www.bcit.ca/programs/marketing-management-entrepreneurship-option-diploma-full-time-642cdipma/
642DDIPMA,Marketing Management (Professional Real Estate Option),unknown/not published,Refer to official program page,,https://www.bcit.ca/programs/marketing-management-professional-real-estate-option-diploma-full-time-642ddipma/
642EDIPMA,Marketing Management (Tourism Marketing and Sales Option),unknown/not published,Refer to official program page,,https://www.bcit.ca/programs/marketing-management-tourism-marketing-and-sales-option-diploma-full-time-642edipma/
6450MCERT,Media Techniques for Business,unknown/not published,Refer to official program page,,https://www.bcit.ca/programs/media-techniques-for-business-certificate-part-time-6450mcert/
6465ACERT,Web and Mobile Application Development,unknown/not published,Refer to official program page,,https://www.bcit.ca/programs/web-and-mobile-application-development-associate-certificate-part-time-6465acert/
6505ACERT,Graphic Design Foundations,unknown/not published,Refer to official program page,,https://www.bcit.ca/programs/graphic-design-foundations-associate-certificate-part-time-6505acert/
6515DIPMA,Digital Design and Development,unknown/not published,Refer to official program page,,https://www.bcit.ca/programs/digital-design-and-development-diploma-full-time-6515dipma/
6525DIPMA,New Media Design and Web Development,unknown/not published,Refer to official program page,,https://www.bcit.ca/programs/new-media-design-and-web-development-diploma-full-time-6525dipma/
6530CERT,Construction Estimating,unknown/not published,Refer to official program page,,https://www.bcit.ca/programs/construction-estimating-certificate-part-time-6530cert/
6535CERT,Front-End Web Developer,unknown/not published,Refer to official program page,,https://www.bcit.ca/programs/front-end-web-developer-certificate-full-time-6535cert/
6575DIPMA,"3D Modeling, Art and Animation",unknown/not published,Refer to official program page,,https://www.bcit.ca/programs/3d-modeling-art-and-animation-diploma-full-time-6575dipma/
6585CERT,Graphic Design,unknown/not published,Refer to official program page,,https://www.bcit.ca/programs/graphic-design-certificate-full-time-part-time-6585cert/
6590ACERT,Tourism and Hospitality,unknown/not published,Refer to official program page,,https://www.bcit.ca/programs/tourism-and-hospitality-associate-certificate-part-time-6590acert/
6595DIPMA,Graphic Design and Interactive Media,unknown/not published,Refer to official program page,,https://www.bcit.ca/programs/graphic-design-and-interactive-media-diploma-part-time-6595dipma/
6615DIPMA,Medical Laboratory Science,unknown/not published,Refer to official program page,,https://www.bcit.ca/programs/medical-laboratory-science-diploma-full-time-6615dipma/
6630ACERT,Medical Office Assistant,unknown/not published,Refer to official program page,,https://www.bcit.ca/programs/medical-office-assistant-associate-certificate-part-time-6630acert/
6635DIPMA,Medical Radiography,unknown/not published,Refer to official program page,,https://www.bcit.ca/programs/medical-radiography-diploma-full-time-6635dipma/
6640DIPMA,Mineral Exploration and Mining Technology,unknown/not published,Refer to official program page,,https://www.bcit.ca/programs/mineral-exploration-and-mining-technology-diploma-full-time-6640dipma/
6645ADCERT,Bridging Medical Radiography,unknown/not published,Refer to official program page,,https://www.bcit.ca/programs/bridging-medical-radiography-advanced-certificate-part-time-6645adcert/
6705DIPMA,Nuclear Medicine,unknown/not published,Refer to official program page,,https://www.bcit.ca/programs/nuclear-medicine-diploma-full-time-6705dipma/
675FACERT,Fire Protection Inspection and Testing,unknown/not published,Refer to official program page,,https://www.bcit.ca/programs/fire-protection-inspection-and-testing-associate-certificate-part-time-675facert/
6760ACERT,Mechanical Systems,unknown/not published,Refer to official program page,,https://www.bcit.ca/programs/mechanical-systems-associate-certificate-part-time-6760acert/
680BASCERT,Pediatric Nursing Specialty (Standard Option),unknown/not published,Refer to official program page,,https://www.bcit.ca/programs/pediatric-nursing-specialty-standard-option-advanced-certificate-part-time-680bascert/
680CASCERT,Perinatal Nursing Specialty (Standard Option),unknown/not published,Refer to official program page,,https://www.bcit.ca/programs/perinatal-nursing-specialty-standard-option-advanced-certificate-part-time-680cascert/
680EASCERT,Emergency Nursing Specialty (Standard Option),unknown/not published,Refer to official program page,,https://www.bcit.ca/programs/emergency-nursing-specialty-standard-option-advanced-certificate-part-time-680eascert/
680FASCERT,Neonatal Nursing Specialty,unknown/not published,Refer to official program page,,https://www.bcit.ca/programs/neonatal-nursing-specialty-advanced-certificate-part-time-680fascert/
680LASCERT,Critical Care Nursing Specialty (Combined Critical Care/Emergency Option),unknown/not published,Refer to official program page,,https://www.bcit.ca/programs/critical-care-nursing-specialty-combined-critical-care-emergency-option-advanced-certificate-part-time-680lascert/
680MASCERT,Nephrology Nursing Specialty,unknown/not published,Refer to official program page,,https://www.bcit.ca/programs/nephrology-nursing-specialty-advanced-certificate-part-time-680mascert/
680PASCERT,Perioperative Nursing Specialty,unknown/not published,Refer to official program page,,https://www.bcit.ca/programs/perioperative-nursing-specialty-advanced-certificate-part-time-680pascert/
680SASCERT,Emergency Nursing Specialty (Combined Emergency/Critical Care Option),unknown/not published,Refer to official program page,,https://www.bcit.ca/programs/emergency-nursing-specialty-combined-emergency-critical-care-option-advanced-certificate-part-time-680sascert/
680VASCERT,Perinatal Nursing Specialty (Perinatal - Perioperative Option),unknown/not published,Refer to official program page,,https://www.bcit.ca/programs/perinatal-nursing-specialty-perinatal-perioperative-option-advanced-certificate-part-time-680vascert/
680WASCERT,High Acuity Nursing Specialty,unknown/not published,Refer to official program page,,https://www.bcit.ca/programs/high-acuity-nursing-specialty-advanced-certificate-part-time-680wascert/
680XADCERT,Critical Care Nursing Specialty,unknown/not published,Refer to official program page,,https://www.bcit.ca/programs/critical-care-nursing-specialty-advanced-certificate-part-time-680xadcert/
680YADCERT,Emergency Nursing Specialty (Pediatric Emergency Option),unknown/not published,Refer to official program page,,https://www.bcit.ca/programs/emergency-nursing-specialty-pediatric-emergency-option-advanced-certificate-part-time-680yadcert/
680ZADCERT,Pediatric Nursing Specialty (Critical Care Option),unknown/not published,Refer to official program page,,https://www.bcit.ca/programs/pediatric-nursing-specialty-critical-care-option-advanced-certificate-part-time-680zadcert/
681BADCERT,Pediatric Nursing Specialty (Anesthesia Care Option),unknown/not published,Refer to official program page,,https://www.bcit.ca/programs/pediatric-nursing-specialty-anesthesia-care-option-advanced-certificate-part-time-681badcert/
6820ASCERT,Cardiovascular Perfusion,unknown/not published,Refer to official program page,,https://www.bcit.ca/programs/cardiovascular-perfusion-advanced-certificate-part-time-6820ascert/
6830ACERT,Leadership,unknown/not published,Refer to official program page,,https://www.bcit.ca/programs/leadership-associate-certificate-part-time-6830acert/
6835ADCERT,Pediatric Emergency Nursing Specialty,unknown/not published,Refer to official program page,,https://www.bcit.ca/programs/pediatric-emergency-nursing-specialty-advanced-certificate-part-time-6835adcert/
6850DIPLT,Occupational Health and Safety,unknown/not published,Refer to official program page,,https://www.bcit.ca/programs/occupational-health-and-safety-diploma-full-time-6850diplt/
6860ADCERT,Health Leadership,unknown/not published,Refer to official program page,,https://www.bcit.ca/programs/health-leadership-advanced-certificate-part-time-6860adcert/
6890CERT,Advanced Safety Management,unknown/not published,Refer to official program page,,https://www.bcit.ca/programs/advanced-safety-management-certificate-part-time-6890cert/
690AMCERT,Operations Management (Industrial Engineering Option),unknown/not published,Refer to official program page,,https://www.bcit.ca/programs/operations-management-industrial-engineering-option-certificate-part-time-690amcert/
690BMCERT,Operations Management (Management Engineering Option),unknown/not published,Refer to official program page,,https://www.bcit.ca/programs/operations-management-management-engineering-option-certificate-part-time-690bmcert/
690DMCERT,Operations Management (Materials Management Option),unknown/not published,Refer to official program page,,https://www.bcit.ca/programs/operations-management-materials-management-option-certificate-part-time-690dmcert/
690FMCERT,Operations Management (Facilities Management Option),unknown/not published,Refer to official program page,,https://www.bcit.ca/programs/operations-management-facilities-management-option-certificate-part-time-690fmcert/
6915DIPMA,Operations & Management Engineering,unknown/not published,Refer to official program page,,https://www.bcit.ca/programs/operations-and-management-engineering-diploma-full-time-6915dipma/
6945CERT,Quality and Process Management,unknown/not published,Refer to official program page,,https://www.bcit.ca/programs/quality-and-process-management-certificate-part-time-6945cert/
6957ACERT,Applied Web Development,unknown/not published,Refer to official program page,,https://www.bcit.ca/programs/applied-web-development-associate-certificate-part-time-6957acert/
6958ACERT,Applied Software Development (ASD),unknown/not published,Refer to official program page,,https://www.bcit.ca/programs/applied-software-development-asd-associate-certificate-part-time-6958acert/
6992ACERT,Applied Computer Information Systems (ACIS),unknown/not published,Refer to official program page,,https://www.bcit.ca/programs/applied-computer-information-systems-acis-associate-certificate-part-time-6992acert/
6994ACERT,Applied Database Administration and Design,unknown/not published,Refer to official program page,,https://www.bcit.ca/programs/applied-database-administration-and-design-associate-certificate-part-time-6994acert/
6998CERT,Office Administrator with Technology Program (OAT),unknown/not published,Refer to official program page,,https://www.bcit.ca/programs/office-administrator-with-technology-program-oat-certificate-full-time-6998cert/
703ADIPMA,Business Administration (General Option),unknown/not published,Refer to official program page,,https://www.bcit.ca/programs/business-administration-general-option-diploma-part-time-703adipma/
703BDIPMA,Business Administration (Global Studies Option),unknown/not published,Refer to official program page,,https://www.bcit.ca/programs/business-administration-global-studies-option-diploma-part-time-703bdipma/
703CDIPMA,Business Administration (Human Resources Option),unknown/not published,Refer to official program page,,https://www.bcit.ca/programs/business-administration-human-resources-option-diploma-part-time-703cdipma/
703DDIPMA,Business Administration (Management Option),unknown/not published,Refer to official program page,,https://www.bcit.ca/programs/business-administration-management-option-diploma-part-time-703ddipma/
703EDIPMA,Business Administration (Marketing Option),unknown/not published,Refer to official program page,,https://www.bcit.ca/programs/business-administration-marketing-option-diploma-part-time-703edipma/
7100DIPLT,Prosthetics and Orthotics,unknown/not published,Refer to official program page,,https://www.bcit.ca/programs/prosthetics-and-orthotics-diploma-full-time-7100diplt/
7110CERT,Technology Support Professional (TSP),unknown/not published,Refer to official program page,,https://www.bcit.ca/programs/technology-support-professional-tsp-certificate-full-time-7110cert/
7140DIPMA,Architectural and Building Technology,unknown/not published,Refer to official program page,,https://www.bcit.ca/programs/architectural-and-building-technology-diploma-full-time-7140dipma/
7160ADVDIP,Diagnostic Medical Sonography – Cardiac,unknown/not published,Refer to official program page,,https://www.bcit.ca/programs/diagnostic-medical-sonography-cardiac-advanced-diploma-full-time-7160advdip/
7340DIPLT,Mechatronics and Robotics,unknown/not published,Refer to official program page,,https://www.bcit.ca/programs/mechatronics-and-robotics-diploma-full-time-7340diplt/
7460MCERT,International Trade and Transportation Logistics,unknown/not published,Refer to official program page,,https://www.bcit.ca/programs/international-trade-and-transportation-logistics-certificate-part-time-7460mcert/
7475DIPMA,Global Supply Chain Management,unknown/not published,Refer to official program page,,https://www.bcit.ca/programs/global-supply-chain-management-diploma-full-time-7475dipma/
7485DIPMA,Forest and Natural Areas Management,unknown/not published,Refer to official program page,,https://www.bcit.ca/programs/forest-and-natural-areas-management-diploma-full-time-7485dipma/
7535DIPMA,Geomatics Engineering Technology,unknown/not published,Refer to official program page,,https://www.bcit.ca/programs/geomatics-engineering-technology-diploma-full-time-7535dipma/
7610ACERT,Human Resource Management,unknown/not published,Refer to official program page,,https://www.bcit.ca/programs/human-resource-management-associate-certificate-part-time-7610acert/
7710DIPMA,Construction Management,unknown/not published,Refer to official program page,,https://www.bcit.ca/programs/construction-management-diploma-part-time-7710dipma/
7870CERT,Construction Supervision,unknown/not published,Refer to official program page,,https://www.bcit.ca/programs/construction-supervision-certificate-part-time-7870cert/
7880ACERT,Construction Operations,unknown/not published,Refer to official program page,,https://www.bcit.ca/programs/construction-operations-associate-certificate-part-time-7880acert/
7935DIPMA,"Fish, Wildlife and Recreation",unknown/not published,Refer to official program page,,https://www.bcit.ca/programs/fish-wildlife-and-recreation-diploma-full-time-7935dipma/
7950ASCERT,Magnetic Resonance Imaging,unknown/not published,Refer to official program page,,https://www.bcit.ca/programs/magnetic-resonance-imaging-advanced-certificate-part-time-7950ascert/
7975DIPMA,Magnetic Resonance Imaging,unknown/not published,Refer to official program page,,https://www.bcit.ca/programs/magnetic-resonance-imaging-diploma-full-time-7975dipma/
7985ACERT,Business Fundamentals,unknown/not published,Refer to official program page,,https://www.bcit.ca/programs/business-fundamentals-associate-certificate-full-time-7985acert/
8020BENG,Mechanical Engineering,unknown/not published,Refer to official program page,,https://www.bcit.ca/programs/mechanical-engineering-bachelor-of-engineering-full-time-8020beng/
8030BENG,Electrical Engineering,unknown/not published,Refer to official program page,,https://www.bcit.ca/programs/electrical-engineering-bachelor-of-engineering-full-time-8030beng/
8040BSC,Ecological Restoration,unknown/not published,Refer to official program page,,https://www.bcit.ca/programs/ecological-restoration-bachelor-of-science-full-time-part-time-8040bsc/
8050BTECH,Architectural Science,unknown/not published,Refer to official program page,,https://www.bcit.ca/programs/architectural-science-bachelor-of-architectural-science-full-time-8050btech/
810ABSN,"Specialty Nursing (Critical Care - Standard Option), Bachelor of Science in Nursing, Part-time",unknown/not published,,True,
810BBSN,"Specialty Nursing (Emergency - Standard Option), Bachelor of Science in Nursing, Part-time",unknown/not published,,True,
810CBSN,"Specialty Nursing (Neonatal), Bachelor of Science in Nursing, Part-time",unknown/not published,,True,
810DBSN,"Specialty Nursing (Nephrology), Bachelor of Science in Nursing, Part-time",unknown/not published,,True,
810FBSN,"Specialty Nursing (Pediatric - Standard Option), Bachelor of Science in Nursing, Part-time",unknown/not published,,True,
810GBSN,"Specialty Nursing (Perinatal - Standard Option), Bachelor of Science in Nursing, Part-time",unknown/not published,,True,
810HBSN,"Specialty Nursing (Perioperative), Bachelor of Science in Nursing, Part-time",unknown/not published,,True,
810KBSN,"Specialty Nursing (Critical Care - Combined Critical Care/Emergency Option), Bachelor of Science in Nursing, Part-time",unknown/not published,,True,
810MBSN,"Specialty Nursing (High Acuity), Bachelor of Science in Nursing, Part-time",unknown/not published,,True,
810NBSN,"Specialty Nursing (Emergency - Combined Emergency/Critical Care Option), Bachelor of Science in Nursing, Part-time",unknown/not published,,True,
810QBSN,"Specialty Nursing (Pediatric - Critical Care Option), Bachelor of Science in Nursing, Part-time",unknown/not published,,True,
810SBSN,"Specialty Nursing (Perinatal - Perioperative Option), Bachelor of Science in Nursing, Part-time",unknown/not published,,True,
8120BTECH,Environmental Engineering,unknown/not published,Refer to official program page,,https://www.bcit.ca/programs/environmental-engineering-bachelor-of-technology-full-time-part-time-8120btech/
830ABHSC,Bachelor of Health Science (Magnetic Resonance Imaging Option),unknown/not published,Refer to official program page,,https://www.bcit.ca/programs/bachelor-of-health-science-magnetic-resonance-imaging-option-bachelor-of-health-science-part-time-830abhsc/
8310BTECH,Geographic Information Systems,unknown/not published,Refer to official program page,,https://www.bcit.ca/programs/geographic-information-systems-bachelor-of-technology-full-time-part-time-8310btech/
8350BTECH,Technology Management,unknown/not published,Refer to official program page,,https://www.bcit.ca/programs/technology-management-bachelor-of-technology-part-time-8350btech/
847ABTECH,Forensic Investigation (Crime and Intelligence Analysis Option),unknown/not published,Refer to official program page,,https://www.bcit.ca/programs/forensic-investigation-crime-and-intelligence-analysis-option-bachelor-of-technology-part-time-847abtech/
847BBTECH,Forensic Investigation (Forensic Science Option),unknown/not published,Refer to official program page,,https://www.bcit.ca/programs/forensic-investigation-forensic-science-option-bachelor-of-technology-part-time-847bbtech/
847CBTECH,Forensic Investigation (Digital Forensics and Cybersecurity Option),unknown/not published,Refer to official program page,,https://www.bcit.ca/programs/forensic-investigation-digital-forensics-and-cybersecurity-option-bachelor-of-technology-full-time-part-time-847cbtech/
8520BENVH,Environmental Public Health,unknown/not published,Refer to official program page,,https://www.bcit.ca/programs/environmental-public-health-bachelor-of-environmental-public-health-full-time-8520benvh/
8610BENG,Mining and Mineral Resource Engineering,unknown/not published,Refer to official program page,,https://www.bcit.ca/programs/mining-and-mineral-resource-engineering-bachelor-of-engineering-full-time-8610beng/
8630BACC,Accounting,conditional/restricted,Eligible; study permit required; optional work terms unavailable,True,https://www.bcit.ca/programs/accounting-bachelor-of-accounting-full-time-part-time-8630bacc/
8645BSC,Geomatics,unknown/not published,Refer to official program page,,https://www.bcit.ca/programs/geomatics-bachelor-of-science-full-time-8645bsc/
8650BSC,Radiation Therapy,unknown/not published,Refer to official program page,,https://www.bcit.ca/programs/radiation-therapy-bachelor-of-science-full-time-8650bsc/
8660BENG,Civil Engineering Bachelor of Engineering,unknown/not published,,,
867ABSC,Applied Computer Science (Games Development Option),unknown/not published,Refer to official program page,,https://www.bcit.ca/programs/applied-computer-science-games-development-option-bachelor-of-science-full-time-867absc/
867BBSC,Applied Computer Science (Network Security Applications Development Option),unknown/not published,Refer to official program page,,https://www.bcit.ca/programs/applied-computer-science-network-security-applications-development-option-bachelor-of-science-full-time-part-time-867bbsc/
867CBSC,Applied Computer Science (Database Option),unknown/not published,Refer to official program page,,https://www.bcit.ca/programs/applied-computer-science-database-option-bachelor-of-science-full-time-part-time-867cbsc/
867DBSC,Applied Computer Science (Human Computer Interface Option),unknown/not published,Refer to official program page,,https://www.bcit.ca/programs/applied-computer-science-human-computer-interface-option-bachelor-of-science-part-time-867dbsc/
867EBSC,Applied Computer Science (Network Security Administration Option),unknown/not published,Refer to official program page,,https://www.bcit.ca/programs/applied-computer-science-network-security-administration-option-bachelor-of-science-part-time-867ebsc/
867FBSC,Applied Computer Science (Wireless and Mobile Applications Development Option),unknown/not published,Refer to official program page,,https://www.bcit.ca/programs/applied-computer-science-wireless-and-mobile-applications-development-option-bachelor-of-science-part-time-867fbsc/
8800BTECH,Construction Management,unknown/not published,,True,
8830BID,Interior Design,unknown/not published,Refer to official program page,,https://www.bcit.ca/programs/interior-design-bachelor-of-interior-design-full-time-8830bid/
8875BSN,"Nursing, Bachelor of Science in Nursing, Full-time",explicitly not allowed,Not available to international students,False,https://www.bcit.ca/programs/nursing-bachelor-of-science-in-nursing-full-time-8875bsn/
8900BTECH,Electronics,unknown/not published,,True,
8910BSC,Honours in Biotechnology,unknown/not published,Refer to official program page,,https://www.bcit.ca/programs/honours-in-biotechnology-bachelor-of-science-full-time-8910bsc/
9100FADVDIP,Geographic Information Systems,unknown/not published,Refer to official program page,,https://www.bcit.ca/programs/geographic-information-systems-advanced-diploma-full-time-9100fadvdip/
9100PADVDIP,Geographic Information Systems,unknown/not published,Refer to official program page,,https://www.bcit.ca/programs/geographic-information-systems-advanced-diploma-part-time-9100padvdip/
9940BSC,Combined Honours in Biochemistry and Forensic Science,explicitly allowed,Available; joint UBC/BCIT program,True,https://www.bcit.ca/programs/combined-honours-in-biochemistry-and-forensic-science-bachelor-of-science-full-time-9940bsc/
9975BBA,Bachelor of Business Administration,unknown/not published,Refer to official program page,,https://www.bcit.ca/programs/bachelor-of-business-administration-bachelor-of-business-administration-full-time-part-time-9975bba/
9980BCI,Bachelor of Creative Industries,unknown/not published,Refer to official program page,,https://www.bcit.ca/programs/bachelor-of-creative-industries-bachelor-of-creative-industries-full-time-9980bci/
A200GRCERT,Building Energy Modelling,unknown/not published,Refer to official program page,,https://www.bcit.ca/programs/building-energy-modelling-graduate-certificate-part-time-a200grcert/
A500GRCERT,Global Leadership,unknown/not published,Refer to official program page,,https://www.bcit.ca/programs/global-leadership-graduate-certificate-full-time-a500grcert/
A600GRCERT,Business Analytics,unknown/not published,Refer to official program page,,https://www.bcit.ca/programs/business-analytics-graduate-certificate-full-time-a600grcert/
A700GRCERT,Business Administration,conditional/restricted,Available; study permit required; not PGWP eligible (CIP 52.0201),True,https://www.bcit.ca/programs/business-administration-graduate-certificate-full-time-a700grcert/
M120MENG,Building Science,unknown/not published,Refer to official program page,,https://www.bcit.ca/programs/building-science-master-of-engineering-full-time-part-time-m120meng/
M220MASC,Building Engineering/Building Science,unknown/not published,Refer to official program page,,https://www.bcit.ca/programs/building-engineering-building-science-master-of-applied-science-full-time-part-time-m220masc/
M410MSC,Ecological Restoration,unknown/not published,Refer to official program page,,https://www.bcit.ca/programs/ecological-restoration-master-of-science-full-time-part-time-m410msc/
M500MENG,Smart Grid Systems and Technologies,unknown/not published,Refer to official program page,,https://www.bcit.ca/programs/smart-grid-systems-and-technologies-master-of-engineering-full-time-part-time-m500meng/
M600MSC,Applied Computing,explicitly allowed,Available to international applicants,True,https://www.bcit.ca/programs/applied-computing-master-of-science-full-time-m600msc/
