program_id,program_name,classification,delivery_fact_status,rule_statuses,has_delivery_facts_row
0800CM,Introductory Studies in Mass Timber Construction,ACCEPTED_AVAILABLE,ACCEPTED_AVAILABLE,"[""ACCEPTED_AVAILABLE""]",True
0801CM,Essentials of Natural Resource and Environmental Protection (MENREP),UNKNOWN_NOT_PUBLISHED,UNKNOWN_NOT_PUBLISHED,[],True
0803CM,Script Supervision and Continuity for Film and TV,ACCEPTED_AVAILABLE,ACCEPTED_AVAILABLE,"[""ACCEPTED_AVAILABLE""]",True
0804CM,Forensic Nurse Examiner Education for RNs,UNKNOWN_NOT_PUBLISHED,UNKNOWN_NOT_PUBLISHED,[],True
0805CM,Breast Sonography,UNKNOWN_NOT_PUBLISHED,UNKNOWN_NOT_PUBLISHED,[],True
0806CM,Musculoskeletal Sonography,UNKNOWN_NOT_PUBLISHED,UNKNOWN_NOT_PUBLISHED,[],True
0810CM,Low-Code Mobile Application Development,ACCEPTED_AVAILABLE,ACCEPTED_AVAILABLE,"[""ACCEPTED_AVAILABLE""]",True
0811CM,Essentials of Data Networks,ACCEPTED_AVAILABLE,ACCEPTED_AVAILABLE,"[""ACCEPTED_AVAILABLE""]",True
0812CM,Cybersecurity Analysis for Network Administrators,ACCEPTED_AVAILABLE,ACCEPTED_AVAILABLE,"[""ACCEPTED_AVAILABLE""]",True
0813CM,Advanced Forensic Nurse Examiner,ACCEPTED_AVAILABLE,ACCEPTED_AVAILABLE,"[""ACCEPTED_AVAILABLE""]",True
0814CM,Essential Field Skills for Environmental Professionals,UNKNOWN_NOT_PUBLISHED,UNKNOWN_NOT_PUBLISHED,[],True
0815CM,Supervising Net-Zero and Passive House Construction,ACCEPTED_AVAILABLE,ACCEPTED_AVAILABLE,"[""ACCEPTED_AVAILABLE""]",True
0816CM,Applied Circular Economy: Zero Waste Buildings,ACCEPTED_AVAILABLE,ACCEPTED_AVAILABLE,"[""ACCEPTED_AVAILABLE""]",True
0817CM,Introduction to Forest Health Quantification with RPAS,UNKNOWN_NOT_PUBLISHED,UNKNOWN_NOT_PUBLISHED,[],True
0819CM,Essentials of Net-Zero and Passive House Construction,ACCEPTED_AVAILABLE,ACCEPTED_AVAILABLE,"[""ACCEPTED_AVAILABLE""]",True
0820CM,Cybersecurity Essentials for IT Professionals,ACCEPTED_AVAILABLE,ACCEPTED_AVAILABLE,"[""ACCEPTED_AVAILABLE""]",True
0822CM,Food Safety Preventive Controls and HACCP Plans,ACCEPTED_AVAILABLE,ACCEPTED_AVAILABLE,"[""ACCEPTED_AVAILABLE""]",True
0823CM,Food Safety Management,UNKNOWN_NOT_PUBLISHED,UNKNOWN_NOT_PUBLISHED,[],True
0824CM,Animal Cell Culture,UNKNOWN_NOT_PUBLISHED,UNKNOWN_NOT_PUBLISHED,[],True
0825CM,Canadian Employment Readiness (CER),ACCEPTED_AVAILABLE,ACCEPTED_AVAILABLE,"[""ACCEPTED_AVAILABLE""]",True
0826CM,Technical Communication Essentials,ACCEPTED_AVAILABLE,ACCEPTED_AVAILABLE,"[""ACCEPTED_AVAILABLE""]",True
0828CM,Student Mobility Preparedness,ACCEPTED_AVAILABLE,ACCEPTED_AVAILABLE,"[""ACCEPTED_AVAILABLE""]",True
0829CM,Building Energy Modelling and Simulation,ACCEPTED_AVAILABLE,ACCEPTED_AVAILABLE,"[""ACCEPTED_AVAILABLE""]",True
0830CM,Whole-Building Life Cycle Assessment Professional,ACCEPTED_AVAILABLE,ACCEPTED_AVAILABLE,"[""ACCEPTED_AVAILABLE""]",True
0831CM,Industrial Networking for Cybersecurity Professionals,UNKNOWN_NOT_PUBLISHED,UNKNOWN_NOT_PUBLISHED,[],True
0832CM,Cybersecurity Operations,ACCEPTED_AVAILABLE,ACCEPTED_AVAILABLE,"[""ACCEPTED_AVAILABLE""]",True
0833CM,Forensic Nurse Death Investigator,ACCEPTED_AVAILABLE,ACCEPTED_AVAILABLE,"[""ACCEPTED_AVAILABLE""]",True
0835CM,International Education Practitioner - Foundation,ACCEPTED_AVAILABLE,ACCEPTED_AVAILABLE,"[""ACCEPTED_AVAILABLE""]",True
0836CM,Drone Applications for Environmental Risk Assessment,UNKNOWN_NOT_PUBLISHED,UNKNOWN_NOT_PUBLISHED,[],True
0837CM,Foundational Digital Forensics Skills,ACCEPTED_AVAILABLE,ACCEPTED_AVAILABLE,"[""ACCEPTED_AVAILABLE""]",True
0838CM,Automotive Service Management Essentials,ACCEPTED_AVAILABLE,ACCEPTED_AVAILABLE,"[""ACCEPTED_AVAILABLE""]",True
0839CM,"Fiber Optics - Principles, Installation and Repair",UNKNOWN_NOT_PUBLISHED,UNKNOWN_NOT_PUBLISHED,[],True
0840CM,Introduction to Full-Stack Web Development,ACCEPTED_AVAILABLE,ACCEPTED_AVAILABLE,"[""ACCEPTED_AVAILABLE""]",True
0841CM,Web Development Foundations (WDF),ACCEPTED_AVAILABLE,ACCEPTED_AVAILABLE,"[""ACCEPTED_AVAILABLE""]",True
0842CM,Data Visualization with MS Power BI,ACCEPTED_AVAILABLE,ACCEPTED_AVAILABLE,"[""ACCEPTED_AVAILABLE""]",True
0843CM,Spanish Language and Culture Fundamentals,ACCEPTED_AVAILABLE,ACCEPTED_AVAILABLE,"[""ACCEPTED_AVAILABLE""]",True
0844CM,Fundamentals of Virtual Containers,ACCEPTED_AVAILABLE,ACCEPTED_AVAILABLE,"[""ACCEPTED_AVAILABLE""]",True
0845CM,Network Switching and Routing,ACCEPTED_AVAILABLE,ACCEPTED_AVAILABLE,"[""ACCEPTED_AVAILABLE""]",True
0846CM,Sterile Field and the Aseptic Environment,UNKNOWN_NOT_PUBLISHED,UNKNOWN_NOT_PUBLISHED,[],True
0847CM,Wind Turbine Essentials,ACCEPTED_AVAILABLE,ACCEPTED_AVAILABLE,"[""ACCEPTED_AVAILABLE""]",True
0848CM,Advanced Topics in Networking,ACCEPTED_AVAILABLE,ACCEPTED_AVAILABLE,"[""ACCEPTED_AVAILABLE""]",True
0849CM,Asbestos Awareness and Safety,ACCEPTED_AVAILABLE,ACCEPTED_AVAILABLE,"[""ACCEPTED_AVAILABLE""]",True
0850CM,Fraud and Financial Crime Investigation,ACCEPTED_AVAILABLE,ACCEPTED_AVAILABLE,"[""ACCEPTED_AVAILABLE""]",True
0851CM,Aircraft Defect Inspection and Reporting Techniques,UNKNOWN_NOT_PUBLISHED,UNKNOWN_NOT_PUBLISHED,[],True
0852CM,Canadian Engineering Professional Practice,ACCEPTED_AVAILABLE,ACCEPTED_AVAILABLE,"[""ACCEPTED_AVAILABLE""]",True
0853CM,Principles of Regenerative Building,UNKNOWN_NOT_PUBLISHED,UNKNOWN_NOT_PUBLISHED,[],True
0854CM,Essentials of Community Energy and Emissions Management,ACCEPTED_AVAILABLE,ACCEPTED_AVAILABLE,"[""ACCEPTED_AVAILABLE""]",True
0855CM,Thermal Power Plant Simulation Proficiency,ACCEPTED_AVAILABLE,ACCEPTED_AVAILABLE,"[""ACCEPTED_AVAILABLE""]",True
0856CM,Retrofit Solutions for Rural Communities,UNKNOWN_NOT_PUBLISHED,UNKNOWN_NOT_PUBLISHED,[],True
0857CM,Automotive Collision Estimator,UNKNOWN_NOT_PUBLISHED,UNKNOWN_NOT_PUBLISHED,[],True
0859CM,Sexual and Reproductive Health Foundations,ACCEPTED_AVAILABLE,ACCEPTED_AVAILABLE,"[""ACCEPTED_AVAILABLE""]",True
0860CM,Heat Pump Maintenance and Troubleshooting,UNKNOWN_NOT_PUBLISHED,UNKNOWN_NOT_PUBLISHED,[],True
0861CM,Climate Changemakers Leadership Training,ACCEPTED_AVAILABLE,ACCEPTED_AVAILABLE,"[""ACCEPTED_AVAILABLE""]",True
0862CM,Residential Air to Air Heat Pump Specialist,UNKNOWN_NOT_PUBLISHED,UNKNOWN_NOT_PUBLISHED,[],True
0864CM,Marine Business Essentials,ACCEPTED_AVAILABLE,ACCEPTED_AVAILABLE,"[""ACCEPTED_AVAILABLE""]",True
0865CM,Introduction to Power Systems Protection Design,UNKNOWN_NOT_PUBLISHED,UNKNOWN_NOT_PUBLISHED,[],True
0866CM,Distribution Design for Electrical Utilities,ACCEPTED_AVAILABLE,ACCEPTED_AVAILABLE,"[""ACCEPTED_AVAILABLE""]",True
0869CM,Occupational Health and Safety Essentials,UNKNOWN_NOT_PUBLISHED,UNKNOWN_NOT_PUBLISHED,[],True
0870CM,Sexual Health Rehabilitation,ACCEPTED_AVAILABLE,ACCEPTED_AVAILABLE,"[""ACCEPTED_AVAILABLE""]",True
0872CM,Techniques for Crime & Intelligence Analysts (TCIA),ACCEPTED_AVAILABLE,ACCEPTED_AVAILABLE,"[""ACCEPTED_AVAILABLE""]",True
0873CM,Fundamentals in Polytechnic Teaching,ACCEPTED_AVAILABLE,ACCEPTED_AVAILABLE,"[""ACCEPTED_AVAILABLE""]",True
0874CM,"Fundamentals in Architecture, Construction, and Engineering",UNKNOWN_NOT_PUBLISHED,UNKNOWN_NOT_PUBLISHED,[],True
0875CM,Applied Additive Manufacturing,UNKNOWN_NOT_PUBLISHED,UNKNOWN_NOT_PUBLISHED,[],True
0876CM,Applied Mass Timber Engineering,ACCEPTED_AVAILABLE,ACCEPTED_AVAILABLE,"[""ACCEPTED_AVAILABLE""]",True
100ADIPMA,Airline and Flight Operations Commercial Pilot (Fixed-Wing),ACCEPTED_AVAILABLE,ACCEPTED_AVAILABLE,"[""ACCEPTED_AVAILABLE""]",True
100BDIPMA,Airline and Flight Operations Commercial Pilot (Rotary-Wing),ACCEPTED_AVAILABLE,ACCEPTED_AVAILABLE,"[""ACCEPTED_AVAILABLE""]",True
1030CERTTS,Aircraft Gas Turbine Technician,ACCEPTED_AVAILABLE,ACCEPTED_AVAILABLE,"[""ACCEPTED_AVAILABLE""]",True
1070ACERT,Airport Operations,ACCEPTED_AVAILABLE,ACCEPTED_AVAILABLE,"[""ACCEPTED_AVAILABLE""]",True
1155ACERT,Construction Drawings,ACCEPTED_AVAILABLE,ACCEPTED_AVAILABLE,"[""ACCEPTED_AVAILABLE""]",True
1165DIPMA,Aircraft Maintenance Engineer Category ‘E’ (Electronics),ACCEPTED_AVAILABLE,ACCEPTED_AVAILABLE,"[""ACCEPTED_AVAILABLE""]",True
1175DIPMA,Aviation Management and Operations,ACCEPTED_AVAILABLE,ACCEPTED_AVAILABLE,"[""ACCEPTED_AVAILABLE""]",True
1180ACERT,Trades Discovery General,UNKNOWN_NOT_PUBLISHED,UNKNOWN_NOT_PUBLISHED,[],True
1190ACERT,Trades Discovery for Women,UNKNOWN_NOT_PUBLISHED,UNKNOWN_NOT_PUBLISHED,[],True
1195IPCERT,Advanced Gas Turbine,UNKNOWN_NOT_PUBLISHED,UNKNOWN_NOT_PUBLISHED,[],True
1205DIPMA,Aircraft Maintenance Engineer Category 'S' (Structures),ACCEPTED_AVAILABLE,ACCEPTED_AVAILABLE,"[""ACCEPTED_AVAILABLE""]",True
1230DIPMA,Aircraft Maintenance Engineer Category 'M' (Maintenance),ACCEPTED_AVAILABLE,ACCEPTED_AVAILABLE,"[""ACCEPTED_AVAILABLE""]",True
1255CERT,Auto Body Repair and Refinishing Technician Foundation,UNKNOWN_NOT_PUBLISHED,UNKNOWN_NOT_PUBLISHED,[],True
1320ADCERT,Automated Controls Installation and Maintenance,ACCEPTED_AVAILABLE,ACCEPTED_AVAILABLE,"[""ACCEPTED_AVAILABLE""]",True
1355TTCERT,Automotive Technician Foundation,UNKNOWN_NOT_PUBLISHED,UNKNOWN_NOT_PUBLISHED,[],True
1360CERT,Automotive Technician (Honda/Acura Foundation),UNKNOWN_NOT_PUBLISHED,UNKNOWN_NOT_PUBLISHED,[],True
1375TTCERT,Automotive Technician (Toyota Foundation),UNKNOWN_NOT_PUBLISHED,UNKNOWN_NOT_PUBLISHED,[],True
1430DIPMA,Automotive Service Technician and Operations,ACCEPTED_AVAILABLE,ACCEPTED_AVAILABLE,"[""ACCEPTED_AVAILABLE""]",True
143ADIPMA,Automotive Service Technician and Operations (Ford ASSET Option),UNKNOWN_NOT_PUBLISHED,UNKNOWN_NOT_PUBLISHED,[],True
143BDIPMA,Automotive Service Technician and Operations - Non-Co-op Option,ACCEPTED_AVAILABLE,ACCEPTED_AVAILABLE,"[""ACCEPTED_AVAILABLE""]",True
1450TTCERT,Boilermaker Foundation,UNKNOWN_NOT_PUBLISHED,UNKNOWN_NOT_PUBLISHED,[],True
1525TTDIPL,CNC Machinist Technician,UNKNOWN_NOT_PUBLISHED,UNKNOWN_NOT_PUBLISHED,[],True
1645CERT,Carpentry Framing and Forming Foundation,ACCEPTED_AVAILABLE,ACCEPTED_AVAILABLE,"[""ACCEPTED_AVAILABLE""]",True
1685ACERT,Railway Conductor and Operations,UNKNOWN_NOT_PUBLISHED,UNKNOWN_NOT_PUBLISHED,[],True
1710CERTTS,Architectural and Structural CADD and Graphics Technician (Structural Option),ACCEPTED_AVAILABLE,ACCEPTED_AVAILABLE,"[""ACCEPTED_AVAILABLE""]",True
1720CERTTS,Architectural and Structural CADD and Graphics Technician (Architectural Option),ACCEPTED_AVAILABLE,ACCEPTED_AVAILABLE,"[""ACCEPTED_AVAILABLE""]",True
1780CERT,Electrical Foundation,UNKNOWN_NOT_PUBLISHED,UNKNOWN_NOT_PUBLISHED,[],True
1790ACERT,Hydronic Technician,ACCEPTED_AVAILABLE,ACCEPTED_AVAILABLE,"[""ACCEPTED_AVAILABLE""]",True
1855DIPMA,Heavy Duty Truck Technology,ACCEPTED_AVAILABLE,ACCEPTED_AVAILABLE,"[""ACCEPTED_AVAILABLE""]",True
1885ACERTS,Network Administrator Technician,UNKNOWN_NOT_PUBLISHED,UNKNOWN_NOT_PUBLISHED,[],True
1920CERT,Marine Mechanical Technician Foundation,UNKNOWN_NOT_PUBLISHED,UNKNOWN_NOT_PUBLISHED,[],True
1930DIPMA,Computer Information Systems Administration,ACCEPTED_AVAILABLE,ACCEPTED_AVAILABLE,"[""ACCEPTED_AVAILABLE""]",True
1940CERT,Heavy Mechanical Trades Foundation,ACCEPTED_AVAILABLE,ACCEPTED_AVAILABLE,"[""ACCEPTED_AVAILABLE""]",True
2000TTCERT,Ironworker Foundation,UNKNOWN_NOT_PUBLISHED,UNKNOWN_NOT_PUBLISHED,[],True
2020CERTTS,Chief Mate,UNKNOWN_NOT_PUBLISHED,UNKNOWN_NOT_PUBLISHED,[],True
2060CERT,Cabinetmaker (Joiner) Foundation,ACCEPTED_AVAILABLE,ACCEPTED_AVAILABLE,"[""ACCEPTED_AVAILABLE""]",True
2175TTCERT,Machinist Foundation,ACCEPTED_AVAILABLE,ACCEPTED_AVAILABLE,"[""ACCEPTED_AVAILABLE""]",True
2230CERT,Millwright Foundation,UNKNOWN_NOT_PUBLISHED,UNKNOWN_NOT_PUBLISHED,[],True
2365CERT,Motorcycle Technician Foundation,UNKNOWN_NOT_PUBLISHED,UNKNOWN_NOT_PUBLISHED,[],True
2410TTCERT,Power Engineering (General Program),ACCEPTED_AVAILABLE,ACCEPTED_AVAILABLE,"[""ACCEPTED_AVAILABLE""]",True
2425CERT,Refrigeration and Air Conditioning Mechanic Foundation,ACCEPTED_AVAILABLE,ACCEPTED_AVAILABLE,"[""ACCEPTED_AVAILABLE""]",True
2430DIPMA,Power and Process Engineering,ACCEPTED_AVAILABLE,ACCEPTED_AVAILABLE,"[""ACCEPTED_AVAILABLE""]",True
2440CERT,Piping Foundation,ACCEPTED_AVAILABLE,ACCEPTED_AVAILABLE,"[""ACCEPTED_AVAILABLE""]",True
2505ACERTS,Master 150GT Domestic,UNKNOWN_NOT_PUBLISHED,UNKNOWN_NOT_PUBLISHED,[],True
2515ACERTS,Master 500GT Domestic,UNKNOWN_NOT_PUBLISHED,UNKNOWN_NOT_PUBLISHED,[],True
2522CERTTS,Master 3000GT Domestic,UNKNOWN_NOT_PUBLISHED,UNKNOWN_NOT_PUBLISHED,[],True
2536DIPMA,Nautical Sciences,UNKNOWN_NOT_PUBLISHED,UNKNOWN_NOT_PUBLISHED,[],True
2542CERTTS,Watchkeeping Mate Near Coastal (WKMNC),UNKNOWN_NOT_PUBLISHED,UNKNOWN_NOT_PUBLISHED,[],True
2645CERT,Sheet Metal Worker Foundation,ACCEPTED_AVAILABLE,ACCEPTED_AVAILABLE,"[""ACCEPTED_AVAILABLE""]",True
2825CERT,Metal Fabricator Foundation,ACCEPTED_AVAILABLE,ACCEPTED_AVAILABLE,"[""ACCEPTED_AVAILABLE""]",True
2847CERT,Welder Foundation,UNKNOWN_NOT_PUBLISHED,UNKNOWN_NOT_PUBLISHED,[],True
2860TTCERT,"Welding, Level B",UNKNOWN_NOT_PUBLISHED,UNKNOWN_NOT_PUBLISHED,[],True
2870TTCERT,"Welding, Level A",UNKNOWN_NOT_PUBLISHED,UNKNOWN_NOT_PUBLISHED,[],True
2885ADVDIP,Marine Engineering,UNKNOWN_NOT_PUBLISHED,UNKNOWN_NOT_PUBLISHED,[],True
2915CERT,Security Systems Technician,ACCEPTED_AVAILABLE,ACCEPTED_AVAILABLE,"[""ACCEPTED_AVAILABLE""]",True
2933ACERT,Bridge Watch Rating,UNKNOWN_NOT_PUBLISHED,UNKNOWN_NOT_PUBLISHED,[],True
2942DIPMA,Marine Engineering,UNKNOWN_NOT_PUBLISHED,UNKNOWN_NOT_PUBLISHED,[],True
2945DIPMA,Industrial Instrumentation and Process Control Technician,ACCEPTED_AVAILABLE,ACCEPTED_AVAILABLE,"[""ACCEPTED_AVAILABLE""]",True
2958CERT,"Heating, Ventilation, Air Conditioning and Refrigeration Technician",UNKNOWN_NOT_PUBLISHED,UNKNOWN_NOT_PUBLISHED,[],True
2992DIPMA,"Heating, Ventilation, Air Conditioning and Refrigeration Technician",UNKNOWN_NOT_PUBLISHED,UNKNOWN_NOT_PUBLISHED,[],True
5063DIPMA,Biomedical Engineering Technology,ACCEPTED_AVAILABLE,ACCEPTED_AVAILABLE,"[""ACCEPTED_AVAILABLE""]",True
5077CERT,Event Marketing and Management Strategy,ACCEPTED_AVAILABLE,ACCEPTED_AVAILABLE,"[""ACCEPTED_AVAILABLE""]",True
5085ACERT,Project Management,ACCEPTED_AVAILABLE,ACCEPTED_AVAILABLE,"[""ACCEPTED_AVAILABLE""]",True
5105DIPMA,Digital Communications and Wireless Technologies,ACCEPTED_AVAILABLE,ACCEPTED_AVAILABLE,"[""ACCEPTED_AVAILABLE""]",True
5115ACERT,Music Business,ACCEPTED_AVAILABLE,ACCEPTED_AVAILABLE,"[""ACCEPTED_AVAILABLE""]",True
5125ACERT,Business of Sawmilling,UNKNOWN_NOT_PUBLISHED,UNKNOWN_NOT_PUBLISHED,[],True
5140ACERT,Business Administration,ACCEPTED_AVAILABLE,ACCEPTED_AVAILABLE,"[""ACCEPTED_AVAILABLE""]",True
5145ADCERT,Sustainable Business,UNKNOWN_NOT_PUBLISHED,UNKNOWN_NOT_PUBLISHED,[],True
5155DIPMA,"Food Processing, Safety, and Quality",ACCEPTED_AVAILABLE,ACCEPTED_AVAILABLE,"[""ACCEPTED_AVAILABLE""]",True
515GACERT,Building Construction Technology,UNKNOWN_NOT_PUBLISHED,UNKNOWN_NOT_PUBLISHED,[],True
515HACERT,Building Design and Architectural CAD,UNKNOWN_NOT_PUBLISHED,UNKNOWN_NOT_PUBLISHED,[],True
5160ACERT,Industrial Wood Processing,UNKNOWN_NOT_PUBLISHED,UNKNOWN_NOT_PUBLISHED,[],True
5165ADCERT,Digital Health,ACCEPTED_AVAILABLE,ACCEPTED_AVAILABLE,"[""ACCEPTED_AVAILABLE""]",True
5170ACERT,Healthcare Unit Clerk,ACCEPTED_AVAILABLE,ACCEPTED_AVAILABLE,"[""ACCEPTED_AVAILABLE""]",True
5175ACERT,Polytechnic Teaching,ACCEPTED_AVAILABLE,ACCEPTED_AVAILABLE,"[""ACCEPTED_AVAILABLE""]",True
5180ADVDIP,Sustainable Business Leadership,ACCEPTED_AVAILABLE,ACCEPTED_AVAILABLE,"[""ACCEPTED_AVAILABLE""]",True
5180PADVDIP,Sustainable Business Leadership,UNKNOWN_NOT_PUBLISHED,UNKNOWN_NOT_PUBLISHED,[],True
5205ACERT,Business Analysis,UNKNOWN_NOT_PUBLISHED,UNKNOWN_NOT_PUBLISHED,[],True
5225ACERT,Construction of Mass Timber Structures,UNKNOWN_NOT_PUBLISHED,UNKNOWN_NOT_PUBLISHED,[],True
5235ADCERT,Building Energy Modelling and Performance Analysis,ACCEPTED_AVAILABLE,ACCEPTED_AVAILABLE,"[""ACCEPTED_AVAILABLE""]",True
5240ADVDIP,Technical Arts,ACCEPTED_AVAILABLE,ACCEPTED_AVAILABLE,"[""ACCEPTED_AVAILABLE""]",True
5245ACERT,Artificial Intelligence Management,UNKNOWN_NOT_PUBLISHED,UNKNOWN_NOT_PUBLISHED,[],True
5265DIPMA,Industrial Network Cybersecurity,ACCEPTED_AVAILABLE,ACCEPTED_AVAILABLE,"[""ACCEPTED_AVAILABLE""]",True
5275ACERT,Business Intelligence,UNKNOWN_NOT_PUBLISHED,UNKNOWN_NOT_PUBLISHED,[],True
528AADCERT,Forensic Investigation (Crime and Intelligence Analysis Option),ACCEPTED_AVAILABLE,ACCEPTED_AVAILABLE,"[""ACCEPTED_AVAILABLE""]",True
528BADCERT,Forensic Investigation (Forensic Science Option),ACCEPTED_AVAILABLE,ACCEPTED_AVAILABLE,"[""ACCEPTED_AVAILABLE""]",True
528CADCERT,Forensic Investigation (Digital Forensics and Cybersecurity Option),ACCEPTED_AVAILABLE,ACCEPTED_AVAILABLE,"[""ACCEPTED_AVAILABLE""]",True
5290ADVDIP,Professional Accounting,ACCEPTED_AVAILABLE,ACCEPTED_AVAILABLE,"[""ACCEPTED_AVAILABLE""]",True
5295ACERT,Business Data Management,UNKNOWN_NOT_PUBLISHED,UNKNOWN_NOT_PUBLISHED,[],True
530ADIPLT,Cardiology Technology,UNKNOWN_NOT_PUBLISHED,UNKNOWN_NOT_PUBLISHED,[],True
5310ADCERT,Cardiac Sciences (Cardiovascular Technology Option),UNKNOWN_NOT_PUBLISHED,UNKNOWN_NOT_PUBLISHED,[],True
5312ADVDIP,Business Management - Advanced Diploma,ACCEPTED_AVAILABLE,ACCEPTED_AVAILABLE,"[""ACCEPTED_AVAILABLE""]",True
5320ADCERT,Cardiac Sciences (Electrophysiology Technology Option),UNKNOWN_NOT_PUBLISHED,UNKNOWN_NOT_PUBLISHED,[],True
5325ACERT,Foundations in Occupational Health and Safety,ACCEPTED_AVAILABLE,ACCEPTED_AVAILABLE,"[""ACCEPTED_AVAILABLE""]",True
5330ADCERT,Cardiac Sciences (Cardiac Rhythm Device Technology Option),UNKNOWN_NOT_PUBLISHED,UNKNOWN_NOT_PUBLISHED,[],True
534ADIPMA,Electrical and Computer Engineering Technology (Automation and Instrumentation Option),ACCEPTED_AVAILABLE,ACCEPTED_AVAILABLE,"[""ACCEPTED_AVAILABLE""]",True
534BDIPMA,Electrical and Computer Engineering Technology (Electrical Power and Industrial Control Option),ACCEPTED_AVAILABLE,ACCEPTED_AVAILABLE,"[""ACCEPTED_AVAILABLE""]",True
534CDIPMA,Electrical and Computer Engineering Technology (Telecommunications and Networks Option),ACCEPTED_AVAILABLE,ACCEPTED_AVAILABLE,"[""ACCEPTED_AVAILABLE""]",True
5365ACERT,Digital Media Foundations,UNKNOWN_NOT_PUBLISHED,UNKNOWN_NOT_PUBLISHED,[],True
5375DIPMA,Chemical and Environmental Engineering Technology,ACCEPTED_AVAILABLE,ACCEPTED_AVAILABLE,"[""ACCEPTED_AVAILABLE""]",True
5410DIPLT,Civil Engineering Diploma,ACCEPTED_AVAILABLE,ACCEPTED_AVAILABLE,"[""ACCEPTED_AVAILABLE""]",True
5430ACERT,Civil Technology,UNKNOWN_NOT_PUBLISHED,UNKNOWN_NOT_PUBLISHED,[],True
5430CERT,Civil Technology,UNKNOWN_NOT_PUBLISHED,UNKNOWN_NOT_PUBLISHED,[],True
5440ADCERT,Geographic Information Systems,ACCEPTED_AVAILABLE,ACCEPTED_AVAILABLE,"[""ACCEPTED_AVAILABLE""]",True
5500CERT,Computer Systems,ACCEPTED_AVAILABLE,ACCEPTED_AVAILABLE,"[""ACCEPTED_AVAILABLE""]",True
5500DIPMA,Computer Systems Technology,ACCEPTED_AVAILABLE,ACCEPTED_AVAILABLE,"[""ACCEPTED_AVAILABLE""]",True
5500PDIPLT,Computer Systems,ACCEPTED_AVAILABLE,ACCEPTED_AVAILABLE,"[""ACCEPTED_AVAILABLE""]",True
5512CERT,Applied Data Analytics,ACCEPTED_AVAILABLE,ACCEPTED_AVAILABLE,"[""ACCEPTED_AVAILABLE""]",True
5515ACERT,Applied Network Administration and Design,UNKNOWN_NOT_PUBLISHED,UNKNOWN_NOT_PUBLISHED,[],True
5530ACERT,Agile Development,UNKNOWN_NOT_PUBLISHED,UNKNOWN_NOT_PUBLISHED,[],True
5540DIPMA,Computer Information Technology,ACCEPTED_AVAILABLE,ACCEPTED_AVAILABLE,"[""ACCEPTED_AVAILABLE""]",True
5570ACERT,Computer Aided Design (CAD) Technology,UNKNOWN_NOT_PUBLISHED,UNKNOWN_NOT_PUBLISHED,[],True
5670ADVDIP,Clinical Genetics Technology,UNKNOWN_NOT_PUBLISHED,UNKNOWN_NOT_PUBLISHED,[],True
5725ACERT,Computerized Accounting,ACCEPTED_AVAILABLE,ACCEPTED_AVAILABLE,"[""ACCEPTED_AVAILABLE""]",True
5755ACERT,Occupational Health and Safety Practitioners,UNKNOWN_NOT_PUBLISHED,UNKNOWN_NOT_PUBLISHED,[],True
576ADIPMA,Diagnostic Medical Sonography (General Sonography Option),UNKNOWN_NOT_PUBLISHED,UNKNOWN_NOT_PUBLISHED,[],True
576BDIPMA,Diagnostic Medical Sonography (Cardiac Sonography Option),UNKNOWN_NOT_PUBLISHED,UNKNOWN_NOT_PUBLISHED,[],True
576CDIPMA,Diagnostic Medical Sonography (General and Cardiac Sonography Option),UNKNOWN_NOT_PUBLISHED,UNKNOWN_NOT_PUBLISHED,[],True
5810DIPMA,Electroneurophysiology,UNKNOWN_NOT_PUBLISHED,UNKNOWN_NOT_PUBLISHED,[],True
585CMCERT,Financial Management (Finance Option),ACCEPTED_AVAILABLE,ACCEPTED_AVAILABLE,"[""ACCEPTED_AVAILABLE""]",True
585FMCERT,Financial Management (Professional Accounting Option),ACCEPTED_AVAILABLE,ACCEPTED_AVAILABLE,"[""ACCEPTED_AVAILABLE""]",True
585IACERT,Financial Management (Financial Planning),ACCEPTED_AVAILABLE,ACCEPTED_AVAILABLE,"[""ACCEPTED_AVAILABLE""]",True
5880DIPLT,General Insurance and Risk Management,ACCEPTED_AVAILABLE,ACCEPTED_AVAILABLE,"[""ACCEPTED_AVAILABLE""]",True
5985ACERT,User Interface (UI) and User Experience (UX) Design,ACCEPTED_AVAILABLE,ACCEPTED_AVAILABLE,"[""ACCEPTED_AVAILABLE""]",True
6005ACERT,Payroll and Human Resources,ACCEPTED_AVAILABLE,ACCEPTED_AVAILABLE,"[""ACCEPTED_AVAILABLE""]",True
6008CERT,Payroll Administration,ACCEPTED_AVAILABLE,ACCEPTED_AVAILABLE,"[""ACCEPTED_AVAILABLE""]",True
6030CERT,Architectural and Building Technology,ACCEPTED_AVAILABLE,ACCEPTED_AVAILABLE,"[""ACCEPTED_AVAILABLE""]",True
6035DIPMA,Accounting,ACCEPTED_AVAILABLE,ACCEPTED_AVAILABLE,"[""ACCEPTED_AVAILABLE""]",True
6035PDIPMA,Accounting,ACCEPTED_AVAILABLE,ACCEPTED_AVAILABLE,"[""ACCEPTED_AVAILABLE""]",True
6040ACERT,Fundamentals of Water and Wastewater Operations,UNKNOWN_NOT_PUBLISHED,UNKNOWN_NOT_PUBLISHED,[],True
6045DIPMA,Finance,ACCEPTED_AVAILABLE,ACCEPTED_AVAILABLE,"[""ACCEPTED_AVAILABLE""]",True
6045PDIPMA,Finance,ACCEPTED_AVAILABLE,ACCEPTED_AVAILABLE,"[""ACCEPTED_AVAILABLE""]",True
6055DIPMA,Financial Planning,ACCEPTED_AVAILABLE,ACCEPTED_AVAILABLE,"[""ACCEPTED_AVAILABLE""]",True
6055PDIPMA,Financial Planning,ACCEPTED_AVAILABLE,ACCEPTED_AVAILABLE,"[""ACCEPTED_AVAILABLE""]",True
605DDIPMA,Technology Teacher Education,UNKNOWN_NOT_PUBLISHED,UNKNOWN_NOT_PUBLISHED,[],True
6090CERT,"Essential Technical Skills for Architecture, Construction, and Engineering",UNKNOWN_NOT_PUBLISHED,UNKNOWN_NOT_PUBLISHED,[],True
6110DIPMA,Radio Arts and Entertainment,ACCEPTED_AVAILABLE,ACCEPTED_AVAILABLE,"[""ACCEPTED_AVAILABLE""]",True
6115ACERT,Broadcast and Digital Journalism,ACCEPTED_AVAILABLE,ACCEPTED_AVAILABLE,"[""ACCEPTED_AVAILABLE""]",True
6120ACERT,Video Production and Editing,ACCEPTED_AVAILABLE,ACCEPTED_AVAILABLE,"[""ACCEPTED_AVAILABLE""]",True
6125ACERT,Radio Arts and Entertainment,ACCEPTED_AVAILABLE,ACCEPTED_AVAILABLE,"[""ACCEPTED_AVAILABLE""]",True
6130DIPMA,Television & Video Production,ACCEPTED_AVAILABLE,ACCEPTED_AVAILABLE,"[""ACCEPTED_AVAILABLE""]",True
6135DIPMA,Broadcast and Online Journalism,ACCEPTED_AVAILABLE,ACCEPTED_AVAILABLE,"[""ACCEPTED_AVAILABLE""]",True
6140DIPMA,Residential Interiors,ACCEPTED_AVAILABLE,ACCEPTED_AVAILABLE,"[""ACCEPTED_AVAILABLE""]",True
6185ADCERT,Renewable Energy Electrical Systems Installation & Maintenance,ACCEPTED_AVAILABLE,ACCEPTED_AVAILABLE,"[""ACCEPTED_AVAILABLE""]",True
6195CERT,Interior Design Fundamentals,ACCEPTED_AVAILABLE,ACCEPTED_AVAILABLE,"[""ACCEPTED_AVAILABLE""]",True
6220FDIPMA,Interior Design,ACCEPTED_AVAILABLE,ACCEPTED_AVAILABLE,"[""ACCEPTED_AVAILABLE""]",True
6220PDIPMA,Interior Design,ACCEPTED_AVAILABLE,ACCEPTED_AVAILABLE,"[""ACCEPTED_AVAILABLE""]",True
6225ACERT,Global Business Studies,ACCEPTED_AVAILABLE,ACCEPTED_AVAILABLE,"[""ACCEPTED_AVAILABLE""]",True
6235DIPMA,Business Information Technology Management,ACCEPTED_AVAILABLE,ACCEPTED_AVAILABLE,"[""ACCEPTED_AVAILABLE""]",True
623ADIPMA,Business Information Technology Management (Artificial Intelligence Management Option),ACCEPTED_AVAILABLE,ACCEPTED_AVAILABLE,"[""ACCEPTED_AVAILABLE""]",True
623BDIPMA,Business Information Technology Management (Enterprise Systems Management Option),ACCEPTED_AVAILABLE,ACCEPTED_AVAILABLE,"[""ACCEPTED_AVAILABLE""]",True
623CDIPMA,Business Information Technology Management (Analytics Data Management Option),ACCEPTED_AVAILABLE,ACCEPTED_AVAILABLE,"[""ACCEPTED_AVAILABLE""]",True
6245DIPLT,Business Management,ACCEPTED_AVAILABLE,ACCEPTED_AVAILABLE,"[""ACCEPTED_AVAILABLE""]",True
6245MCERT,Business Management,ACCEPTED_AVAILABLE,ACCEPTED_AVAILABLE,"[""ACCEPTED_AVAILABLE""]",True
6247DIPMA,Graphic Communications,ACCEPTED_AVAILABLE,ACCEPTED_AVAILABLE,"[""ACCEPTED_AVAILABLE""]",True
625AMCERT,Human Resource Management,ACCEPTED_AVAILABLE,ACCEPTED_AVAILABLE,"[""ACCEPTED_AVAILABLE""]",True
6265ACERT,Lean Six Sigma Principles,ACCEPTED_AVAILABLE,ACCEPTED_AVAILABLE,"[""ACCEPTED_AVAILABLE""]",True
6285CERT,Fire Service Industry Leadership,UNKNOWN_NOT_PUBLISHED,UNKNOWN_NOT_PUBLISHED,[],True
6290DIPMA,Strategic Human Resources Management,ACCEPTED_AVAILABLE,ACCEPTED_AVAILABLE,"[""ACCEPTED_AVAILABLE""]",True
6300MCERT,Marketing Management,ACCEPTED_AVAILABLE,ACCEPTED_AVAILABLE,"[""ACCEPTED_AVAILABLE""]",True
630DACERT,Marketing Management - Marketing Communications,ACCEPTED_AVAILABLE,ACCEPTED_AVAILABLE,"[""ACCEPTED_AVAILABLE""]",True
630DMCERT,Marketing Management (Marketing Communications Option),ACCEPTED_AVAILABLE,ACCEPTED_AVAILABLE,"[""ACCEPTED_AVAILABLE""]",True
630HACERT,Marketing Management - Entrepreneurship,ACCEPTED_AVAILABLE,ACCEPTED_AVAILABLE,"[""ACCEPTED_AVAILABLE""]",True
630MACERT,Marketing Management - Sales Skills,ACCEPTED_AVAILABLE,ACCEPTED_AVAILABLE,"[""ACCEPTED_AVAILABLE""]",True
630PMCERT,Media Techniques and Marketing Communications,ACCEPTED_AVAILABLE,ACCEPTED_AVAILABLE,"[""ACCEPTED_AVAILABLE""]",True
630VMCERT,Marketing Management (Professional Sales Option),ACCEPTED_AVAILABLE,ACCEPTED_AVAILABLE,"[""ACCEPTED_AVAILABLE""]",True
630WACERT,Marketing Management - Customer Relationship Marketing,ACCEPTED_AVAILABLE,ACCEPTED_AVAILABLE,"[""ACCEPTED_AVAILABLE""]",True
630XACERT,Marketing Management - Public Relations,ACCEPTED_AVAILABLE,ACCEPTED_AVAILABLE,"[""ACCEPTED_AVAILABLE""]",True
6310ACERT,Nonprofit Management,ACCEPTED_AVAILABLE,ACCEPTED_AVAILABLE,"[""ACCEPTED_AVAILABLE""]",True
6315ACERT,Event Marketing and Planning Foundations,UNKNOWN_NOT_PUBLISHED,UNKNOWN_NOT_PUBLISHED,[],True
635CDIPLT,Mechanical Engineering Technology (Mechanical Systems Option),ACCEPTED_AVAILABLE,ACCEPTED_AVAILABLE,"[""ACCEPTED_AVAILABLE""]",True
635DDIPLT,Mechanical Engineering Technology (Mechanical Design Option),ACCEPTED_AVAILABLE,ACCEPTED_AVAILABLE,"[""ACCEPTED_AVAILABLE""]",True
635EDIPLT,Mechanical Engineering Technology (Mechanical Manufacturing Option),ACCEPTED_AVAILABLE,ACCEPTED_AVAILABLE,"[""ACCEPTED_AVAILABLE""]",True
6365ACERT,Food Safety,UNKNOWN_NOT_PUBLISHED,UNKNOWN_NOT_PUBLISHED,[],True
6375ACERT,Digital Marketing Foundations,ACCEPTED_AVAILABLE,ACCEPTED_AVAILABLE,"[""ACCEPTED_AVAILABLE""]",True
6385ACERT,Digital Marketing Strategy,ACCEPTED_AVAILABLE,ACCEPTED_AVAILABLE,"[""ACCEPTED_AVAILABLE""]",True
6390ACERT,Marketing Management - Fundraising Management,ACCEPTED_AVAILABLE,ACCEPTED_AVAILABLE,"[""ACCEPTED_AVAILABLE""]",True
6422DIPMA,Marketing Management,ACCEPTED_AVAILABLE,ACCEPTED_AVAILABLE,"[""ACCEPTED_AVAILABLE""]",True
6425ACERT,Technical Writing,ACCEPTED_AVAILABLE,ACCEPTED_AVAILABLE,"[""ACCEPTED_AVAILABLE""]",True
642ADIPMA,Marketing Management (Digital Marketing and Brand Strategy Option),ACCEPTED_AVAILABLE,ACCEPTED_AVAILABLE,"[""ACCEPTED_AVAILABLE""]",True
642BDIPMA,Marketing Management (Professional Sales Option),ACCEPTED_AVAILABLE,ACCEPTED_AVAILABLE,"[""ACCEPTED_AVAILABLE""]",True
642CDIPMA,Marketing Management (Entrepreneurship Option),ACCEPTED_AVAILABLE,ACCEPTED_AVAILABLE,"[""ACCEPTED_AVAILABLE""]",True
642DDIPMA,Marketing Management (Professional Real Estate Option),ACCEPTED_AVAILABLE,ACCEPTED_AVAILABLE,"[""ACCEPTED_AVAILABLE""]",True
642EDIPMA,Marketing Management (Tourism Marketing and Sales Option),ACCEPTED_AVAILABLE,ACCEPTED_AVAILABLE,"[""ACCEPTED_AVAILABLE""]",True
6450MCERT,Media Techniques for Business,ACCEPTED_AVAILABLE,ACCEPTED_AVAILABLE,"[""ACCEPTED_AVAILABLE""]",True
6465ACERT,Web and Mobile Application Development,UNKNOWN_NOT_PUBLISHED,UNKNOWN_NOT_PUBLISHED,[],True
6505ACERT,Graphic Design Foundations,ACCEPTED_AVAILABLE,ACCEPTED_AVAILABLE,"[""ACCEPTED_AVAILABLE""]",True
6515DIPMA,Digital Design and Development,ACCEPTED_AVAILABLE,ACCEPTED_AVAILABLE,"[""ACCEPTED_AVAILABLE""]",True
6525DIPMA,New Media Design and Web Development,ACCEPTED_AVAILABLE,ACCEPTED_AVAILABLE,"[""ACCEPTED_AVAILABLE""]",True
6530CERT,Construction Estimating,ACCEPTED_AVAILABLE,ACCEPTED_AVAILABLE,"[""ACCEPTED_AVAILABLE""]",True
6535CERT,Front-End Web Developer,ACCEPTED_AVAILABLE,ACCEPTED_AVAILABLE,"[""ACCEPTED_AVAILABLE""]",True
6575DIPMA,"3D Modeling, Art and Animation",ACCEPTED_AVAILABLE,ACCEPTED_AVAILABLE,"[""ACCEPTED_AVAILABLE""]",True
6585CERT,Graphic Design,ACCEPTED_AVAILABLE,ACCEPTED_AVAILABLE,"[""ACCEPTED_AVAILABLE""]",True
6590ACERT,Tourism and Hospitality,ACCEPTED_AVAILABLE,ACCEPTED_AVAILABLE,"[""ACCEPTED_AVAILABLE""]",True
6595DIPMA,Graphic Design and Interactive Media,ACCEPTED_AVAILABLE,ACCEPTED_AVAILABLE,"[""ACCEPTED_AVAILABLE""]",True
6615DIPMA,Medical Laboratory Science,UNKNOWN_NOT_PUBLISHED,UNKNOWN_NOT_PUBLISHED,[],True
6630ACERT,Medical Office Assistant,ACCEPTED_AVAILABLE,ACCEPTED_AVAILABLE,"[""ACCEPTED_AVAILABLE""]",True
6635DIPMA,Medical Radiography,UNKNOWN_NOT_PUBLISHED,UNKNOWN_NOT_PUBLISHED,[],True
6640DIPMA,Mineral Exploration and Mining Technology,ACCEPTED_AVAILABLE,ACCEPTED_AVAILABLE,"[""ACCEPTED_AVAILABLE""]",True
6645ADCERT,Bridging Medical Radiography,UNKNOWN_NOT_PUBLISHED,UNKNOWN_NOT_PUBLISHED,[],True
6705DIPMA,Nuclear Medicine,UNKNOWN_NOT_PUBLISHED,UNKNOWN_NOT_PUBLISHED,[],True
675FACERT,Fire Protection Inspection and Testing,UNKNOWN_NOT_PUBLISHED,UNKNOWN_NOT_PUBLISHED,[],True
6760ACERT,Mechanical Systems,ACCEPTED_AVAILABLE,ACCEPTED_AVAILABLE,"[""ACCEPTED_AVAILABLE""]",True
680BASCERT,Pediatric Nursing Specialty (Standard Option),ACCEPTED_AVAILABLE,ACCEPTED_AVAILABLE,"[""ACCEPTED_AVAILABLE""]",True
680CASCERT,Perinatal Nursing Specialty (Standard Option),ACCEPTED_AVAILABLE,ACCEPTED_AVAILABLE,"[""ACCEPTED_AVAILABLE""]",True
680EASCERT,Emergency Nursing Specialty (Standard Option),ACCEPTED_AVAILABLE,ACCEPTED_AVAILABLE,"[""ACCEPTED_AVAILABLE""]",True
680FASCERT,Neonatal Nursing Specialty,ACCEPTED_AVAILABLE,ACCEPTED_AVAILABLE,"[""ACCEPTED_AVAILABLE""]",True
680LASCERT,Critical Care Nursing Specialty (Combined Critical Care/Emergency Option),ACCEPTED_AVAILABLE,ACCEPTED_AVAILABLE,"[""ACCEPTED_AVAILABLE""]",True
680MASCERT,Nephrology Nursing Specialty,ACCEPTED_AVAILABLE,ACCEPTED_AVAILABLE,"[""ACCEPTED_AVAILABLE""]",True
680PASCERT,Perioperative Nursing Specialty,ACCEPTED_AVAILABLE,ACCEPTED_AVAILABLE,"[""ACCEPTED_AVAILABLE""]",True
680SASCERT,Emergency Nursing Specialty (Combined Emergency/Critical Care Option),ACCEPTED_AVAILABLE,ACCEPTED_AVAILABLE,"[""ACCEPTED_AVAILABLE""]",True
680VASCERT,Perinatal Nursing Specialty (Perinatal - Perioperative Option),ACCEPTED_AVAILABLE,ACCEPTED_AVAILABLE,"[""ACCEPTED_AVAILABLE""]",True
680WASCERT,High Acuity Nursing Specialty,ACCEPTED_AVAILABLE,ACCEPTED_AVAILABLE,"[""ACCEPTED_AVAILABLE""]",True
680XADCERT,Critical Care Nursing Specialty,ACCEPTED_AVAILABLE,ACCEPTED_AVAILABLE,"[""ACCEPTED_AVAILABLE""]",True
680YADCERT,Emergency Nursing Specialty (Pediatric Emergency Option),ACCEPTED_AVAILABLE,ACCEPTED_AVAILABLE,"[""ACCEPTED_AVAILABLE""]",True
680ZADCERT,Pediatric Nursing Specialty (Critical Care Option),ACCEPTED_AVAILABLE,ACCEPTED_AVAILABLE,"[""ACCEPTED_AVAILABLE""]",True
681BADCERT,Pediatric Nursing Specialty (Anesthesia Care Option),ACCEPTED_AVAILABLE,ACCEPTED_AVAILABLE,"[""ACCEPTED_AVAILABLE""]",True
6820ASCERT,Cardiovascular Perfusion,UNKNOWN_NOT_PUBLISHED,UNKNOWN_NOT_PUBLISHED,[],True
6830ACERT,Leadership,ACCEPTED_AVAILABLE,ACCEPTED_AVAILABLE,"[""ACCEPTED_AVAILABLE""]",True
6835ADCERT,Pediatric Emergency Nursing Specialty,ACCEPTED_AVAILABLE,ACCEPTED_AVAILABLE,"[""ACCEPTED_AVAILABLE""]",True
6850DIPLT,Occupational Health and Safety,ACCEPTED_AVAILABLE,ACCEPTED_AVAILABLE,"[""ACCEPTED_AVAILABLE""]",True
6860ADCERT,Health Leadership,ACCEPTED_AVAILABLE,ACCEPTED_AVAILABLE,"[""ACCEPTED_AVAILABLE""]",True
6890CERT,Advanced Safety Management,ACCEPTED_AVAILABLE,ACCEPTED_AVAILABLE,"[""ACCEPTED_AVAILABLE""]",True
690AMCERT,Operations Management (Industrial Engineering Option),ACCEPTED_AVAILABLE,ACCEPTED_AVAILABLE,"[""ACCEPTED_AVAILABLE""]",True
690BMCERT,Operations Management (Management Engineering Option),ACCEPTED_AVAILABLE,ACCEPTED_AVAILABLE,"[""ACCEPTED_AVAILABLE""]",True
690DMCERT,Operations Management (Materials Management Option),ACCEPTED_AVAILABLE,ACCEPTED_AVAILABLE,"[""ACCEPTED_AVAILABLE""]",True
690FMCERT,Operations Management (Facilities Management Option),ACCEPTED_AVAILABLE,ACCEPTED_AVAILABLE,"[""ACCEPTED_AVAILABLE""]",True
6915DIPMA,Operations & Management Engineering,ACCEPTED_AVAILABLE,ACCEPTED_AVAILABLE,"[""ACCEPTED_AVAILABLE""]",True
6945CERT,Quality and Process Management,ACCEPTED_AVAILABLE,ACCEPTED_AVAILABLE,"[""ACCEPTED_AVAILABLE""]",True
6957ACERT,Applied Web Development,UNKNOWN_NOT_PUBLISHED,UNKNOWN_NOT_PUBLISHED,[],True
6958ACERT,Applied Software Development (ASD),UNKNOWN_NOT_PUBLISHED,UNKNOWN_NOT_PUBLISHED,[],True
6992ACERT,Applied Computer Information Systems (ACIS),UNKNOWN_NOT_PUBLISHED,UNKNOWN_NOT_PUBLISHED,[],True
6994ACERT,Applied Database Administration and Design,UNKNOWN_NOT_PUBLISHED,UNKNOWN_NOT_PUBLISHED,[],True
6998CERT,Office Administrator with Technology Program (OAT),ACCEPTED_AVAILABLE,ACCEPTED_AVAILABLE,"[""ACCEPTED_AVAILABLE""]",True
703ADIPMA,Business Administration (General Option),ACCEPTED_AVAILABLE,ACCEPTED_AVAILABLE,"[""ACCEPTED_AVAILABLE""]",True
703BDIPMA,Business Administration (Global Studies Option),ACCEPTED_AVAILABLE,ACCEPTED_AVAILABLE,"[""ACCEPTED_AVAILABLE""]",True
703CDIPMA,Business Administration (Human Resources Option),ACCEPTED_AVAILABLE,ACCEPTED_AVAILABLE,"[""ACCEPTED_AVAILABLE""]",True
703DDIPMA,Business Administration (Management Option),ACCEPTED_AVAILABLE,ACCEPTED_AVAILABLE,"[""ACCEPTED_AVAILABLE""]",True
703EDIPMA,Business Administration (Marketing Option),ACCEPTED_AVAILABLE,ACCEPTED_AVAILABLE,"[""ACCEPTED_AVAILABLE""]",True
7100DIPLT,Prosthetics and Orthotics,UNKNOWN_NOT_PUBLISHED,UNKNOWN_NOT_PUBLISHED,[],True
7110CERT,Technology Support Professional (TSP),ACCEPTED_AVAILABLE,ACCEPTED_AVAILABLE,"[""ACCEPTED_AVAILABLE""]",True
7140DIPMA,Architectural and Building Technology,ACCEPTED_AVAILABLE,ACCEPTED_AVAILABLE,"[""ACCEPTED_AVAILABLE""]",True
7160ADVDIP,Diagnostic Medical Sonography – Cardiac,UNKNOWN_NOT_PUBLISHED,UNKNOWN_NOT_PUBLISHED,[],True
7340DIPLT,Mechatronics and Robotics,ACCEPTED_AVAILABLE,ACCEPTED_AVAILABLE,"[""ACCEPTED_AVAILABLE""]",True
7460MCERT,International Trade and Transportation Logistics,ACCEPTED_AVAILABLE,ACCEPTED_AVAILABLE,"[""ACCEPTED_AVAILABLE""]",True
7475DIPMA,Global Supply Chain Management,ACCEPTED_AVAILABLE,ACCEPTED_AVAILABLE,"[""ACCEPTED_AVAILABLE""]",True
7485DIPMA,Forest and Natural Areas Management,UNKNOWN_NOT_PUBLISHED,UNKNOWN_NOT_PUBLISHED,[],True
7535DIPMA,Geomatics Engineering Technology,ACCEPTED_AVAILABLE,ACCEPTED_AVAILABLE,"[""ACCEPTED_AVAILABLE""]",True
7610ACERT,Human Resource Management,ACCEPTED_AVAILABLE,ACCEPTED_AVAILABLE,"[""ACCEPTED_AVAILABLE""]",True
7710DIPMA,Construction Management,ACCEPTED_AVAILABLE,ACCEPTED_AVAILABLE,"[""ACCEPTED_AVAILABLE""]",True
7870CERT,Construction Supervision,ACCEPTED_AVAILABLE,ACCEPTED_AVAILABLE,"[""ACCEPTED_AVAILABLE""]",True
7880ACERT,Construction Operations,ACCEPTED_AVAILABLE,ACCEPTED_AVAILABLE,"[""ACCEPTED_AVAILABLE""]",True
7935DIPMA,"Fish, Wildlife and Recreation",ACCEPTED_AVAILABLE,ACCEPTED_AVAILABLE,"[""ACCEPTED_AVAILABLE""]",True
7950ASCERT,Magnetic Resonance Imaging,UNKNOWN_NOT_PUBLISHED,UNKNOWN_NOT_PUBLISHED,[],True
7975DIPMA,Magnetic Resonance Imaging,UNKNOWN_NOT_PUBLISHED,UNKNOWN_NOT_PUBLISHED,[],True
7985ACERT,Business Fundamentals,ACCEPTED_AVAILABLE,ACCEPTED_AVAILABLE,"[""ACCEPTED_AVAILABLE""]",True
8020BENG,Mechanical Engineering,UNKNOWN_NOT_PUBLISHED,UNKNOWN_NOT_PUBLISHED,[],True
8030BENG,Electrical Engineering,UNKNOWN_NOT_PUBLISHED,UNKNOWN_NOT_PUBLISHED,[],True
8040BSC,Ecological Restoration,ACCEPTED_AVAILABLE,ACCEPTED_AVAILABLE,"[""ACCEPTED_AVAILABLE""]",True
8050BTECH,Architectural Science,ACCEPTED_AVAILABLE,ACCEPTED_AVAILABLE,"[""ACCEPTED_AVAILABLE""]",True
810ABSN,"Specialty Nursing (Critical Care - Standard Option), Bachelor of Science in Nursing, Part-time",CONDITIONAL_RESTRICTED,UNKNOWN_NOT_PUBLISHED,"[""CONDITIONAL_RESTRICTED""]",False
810BBSN,"Specialty Nursing (Emergency - Standard Option), Bachelor of Science in Nursing, Part-time",CONDITIONAL_RESTRICTED,UNKNOWN_NOT_PUBLISHED,"[""CONDITIONAL_RESTRICTED""]",False
810CBSN,"Specialty Nursing (Neonatal), Bachelor of Science in Nursing, Part-time",CONDITIONAL_RESTRICTED,UNKNOWN_NOT_PUBLISHED,"[""CONDITIONAL_RESTRICTED""]",False
810DBSN,"Specialty Nursing (Nephrology), Bachelor of Science in Nursing, Part-time",CONDITIONAL_RESTRICTED,UNKNOWN_NOT_PUBLISHED,"[""CONDITIONAL_RESTRICTED""]",False
810FBSN,"Specialty Nursing (Pediatric - Standard Option), Bachelor of Science in Nursing, Part-time",CONDITIONAL_RESTRICTED,UNKNOWN_NOT_PUBLISHED,"[""CONDITIONAL_RESTRICTED""]",False
810GBSN,"Specialty Nursing (Perinatal - Standard Option), Bachelor of Science in Nursing, Part-time",CONDITIONAL_RESTRICTED,UNKNOWN_NOT_PUBLISHED,"[""CONDITIONAL_RESTRICTED""]",False
810HBSN,"Specialty Nursing (Perioperative), Bachelor of Science in Nursing, Part-time",CONDITIONAL_RESTRICTED,UNKNOWN_NOT_PUBLISHED,"[""CONDITIONAL_RESTRICTED""]",False
810KBSN,"Specialty Nursing (Critical Care - Combined Critical Care/Emergency Option), Bachelor of Science in Nursing, Part-time",CONDITIONAL_RESTRICTED,UNKNOWN_NOT_PUBLISHED,"[""CONDITIONAL_RESTRICTED""]",False
810MBSN,"Specialty Nursing (High Acuity), Bachelor of Science in Nursing, Part-time",CONDITIONAL_RESTRICTED,UNKNOWN_NOT_PUBLISHED,"[""CONDITIONAL_RESTRICTED""]",False
810NBSN,"Specialty Nursing (Emergency - Combined Emergency/Critical Care Option), Bachelor of Science in Nursing, Part-time",CONDITIONAL_RESTRICTED,UNKNOWN_NOT_PUBLISHED,"[""CONDITIONAL_RESTRICTED""]",False
810QBSN,"Specialty Nursing (Pediatric - Critical Care Option), Bachelor of Science in Nursing, Part-time",CONDITIONAL_RESTRICTED,UNKNOWN_NOT_PUBLISHED,"[""CONDITIONAL_RESTRICTED""]",False
810SBSN,"Specialty Nursing (Perinatal - Perioperative Option), Bachelor of Science in Nursing, Part-time",CONDITIONAL_RESTRICTED,UNKNOWN_NOT_PUBLISHED,"[""CONDITIONAL_RESTRICTED""]",False
8120BTECH,Environmental Engineering,ACCEPTED_AVAILABLE,ACCEPTED_AVAILABLE,"[""ACCEPTED_AVAILABLE""]",True
830ABHSC,Bachelor of Health Science (Magnetic Resonance Imaging Option),UNKNOWN_NOT_PUBLISHED,UNKNOWN_NOT_PUBLISHED,[],True
8310BTECH,Geographic Information Systems,ACCEPTED_AVAILABLE,ACCEPTED_AVAILABLE,"[""ACCEPTED_AVAILABLE""]",True
8350BTECH,Technology Management,ACCEPTED_AVAILABLE,ACCEPTED_AVAILABLE,"[""ACCEPTED_AVAILABLE""]",True
847ABTECH,Forensic Investigation (Crime and Intelligence Analysis Option),UNKNOWN_NOT_PUBLISHED,UNKNOWN_NOT_PUBLISHED,[],True
847BBTECH,Forensic Investigation (Forensic Science Option),ACCEPTED_AVAILABLE,ACCEPTED_AVAILABLE,"[""ACCEPTED_AVAILABLE""]",True
847CBTECH,Forensic Investigation (Digital Forensics and Cybersecurity Option),ACCEPTED_AVAILABLE,ACCEPTED_AVAILABLE,"[""ACCEPTED_AVAILABLE""]",True
8520BENVH,Environmental Public Health,ACCEPTED_AVAILABLE,ACCEPTED_AVAILABLE,"[""ACCEPTED_AVAILABLE""]",True
8610BENG,Mining and Mineral Resource Engineering,ACCEPTED_AVAILABLE,ACCEPTED_AVAILABLE,"[""ACCEPTED_AVAILABLE""]",True
8630BACC,Accounting,ACCEPTED_AVAILABLE,ACCEPTED_AVAILABLE,"[""ACCEPTED_AVAILABLE"",""UNKNOWN_NOT_PUBLISHED""]",True
8645BSC,Geomatics,ACCEPTED_AVAILABLE,ACCEPTED_AVAILABLE,"[""ACCEPTED_AVAILABLE""]",True
8650BSC,Radiation Therapy,UNKNOWN_NOT_PUBLISHED,UNKNOWN_NOT_PUBLISHED,[],True
8660BENG,Civil Engineering Bachelor of Engineering,ACCEPTED_AVAILABLE,ACCEPTED_AVAILABLE,"[""ACCEPTED_AVAILABLE""]",True
867ABSC,Applied Computer Science (Games Development Option),ACCEPTED_AVAILABLE,ACCEPTED_AVAILABLE,"[""ACCEPTED_AVAILABLE""]",True
867BBSC,Applied Computer Science (Network Security Applications Development Option),ACCEPTED_AVAILABLE,ACCEPTED_AVAILABLE,"[""ACCEPTED_AVAILABLE""]",True
867CBSC,Applied Computer Science (Database Option),ACCEPTED_AVAILABLE,ACCEPTED_AVAILABLE,"[""ACCEPTED_AVAILABLE""]",True
867DBSC,Applied Computer Science (Human Computer Interface Option),ACCEPTED_AVAILABLE,ACCEPTED_AVAILABLE,"[""ACCEPTED_AVAILABLE""]",True
867EBSC,Applied Computer Science (Network Security Administration Option),ACCEPTED_AVAILABLE,ACCEPTED_AVAILABLE,"[""ACCEPTED_AVAILABLE""]",True
867FBSC,Applied Computer Science (Wireless and Mobile Applications Development Option),ACCEPTED_AVAILABLE,ACCEPTED_AVAILABLE,"[""ACCEPTED_AVAILABLE""]",True
8800BTECH,Construction Management,ACCEPTED_AVAILABLE,ACCEPTED_AVAILABLE,"[""ACCEPTED_AVAILABLE""]",True
8830BID,Interior Design,ACCEPTED_AVAILABLE,ACCEPTED_AVAILABLE,"[""ACCEPTED_AVAILABLE""]",True
8875BSN,"Nursing, Bachelor of Science in Nursing, Full-time",NOT_ACCEPTED,NOT_ACCEPTED,"[""NOT_ACCEPTED""]",True
8900BTECH,Electronics,ACCEPTED_AVAILABLE,ACCEPTED_AVAILABLE,"[""ACCEPTED_AVAILABLE""]",True
8910BSC,Honours in Biotechnology,ACCEPTED_AVAILABLE,ACCEPTED_AVAILABLE,"[""ACCEPTED_AVAILABLE""]",True
9100FADVDIP,Geographic Information Systems,ACCEPTED_AVAILABLE,ACCEPTED_AVAILABLE,"[""ACCEPTED_AVAILABLE""]",True
9100PADVDIP,Geographic Information Systems,ACCEPTED_AVAILABLE,ACCEPTED_AVAILABLE,"[""ACCEPTED_AVAILABLE""]",True
9940BSC,Combined Honours in Biochemistry and Forensic Science,ACCEPTED_AVAILABLE,ACCEPTED_AVAILABLE,"[""ACCEPTED_AVAILABLE""]",True
9975BBA,Bachelor of Business Administration,ACCEPTED_AVAILABLE,ACCEPTED_AVAILABLE,"[""ACCEPTED_AVAILABLE""]",True
9980BCI,Bachelor of Creative Industries,ACCEPTED_AVAILABLE,ACCEPTED_AVAILABLE,"[""ACCEPTED_AVAILABLE""]",True
A200GRCERT,Building Energy Modelling,UNKNOWN_NOT_PUBLISHED,UNKNOWN_NOT_PUBLISHED,[],True
A500GRCERT,Global Leadership,ACCEPTED_AVAILABLE,ACCEPTED_AVAILABLE,"[""ACCEPTED_AVAILABLE""]",True
A600GRCERT,Business Analytics,ACCEPTED_AVAILABLE,ACCEPTED_AVAILABLE,"[""ACCEPTED_AVAILABLE""]",True
A700GRCERT,Business Administration,ACCEPTED_AVAILABLE,ACCEPTED_AVAILABLE,"[""ACCEPTED_AVAILABLE"",""UNKNOWN_NOT_PUBLISHED""]",True
M120MENG,Building Science,ACCEPTED_AVAILABLE,ACCEPTED_AVAILABLE,"[""ACCEPTED_AVAILABLE""]",True
M220MASC,Building Engineering/Building Science,ACCEPTED_AVAILABLE,ACCEPTED_AVAILABLE,"[""ACCEPTED_AVAILABLE""]",True
M410MSC,Ecological Restoration,ACCEPTED_AVAILABLE,ACCEPTED_AVAILABLE,"[""ACCEPTED_AVAILABLE""]",True
M500MENG,Smart Grid Systems and Technologies,ACCEPTED_AVAILABLE,ACCEPTED_AVAILABLE,"[""ACCEPTED_AVAILABLE""]",True
M600MSC,Applied Computing,ACCEPTED_AVAILABLE,ACCEPTED_AVAILABLE,"[""ACCEPTED_AVAILABLE""]",True
